DateTime,WindSpeed,WindDirection,ActivePower_kW,PredictedPower_kW
01 01 2018 00:00,5.311,416.329,380.048,0.000
01 01 2018 00:10,5.672,519.918,453.769,462.889
01 01 2018 00:20,5.216,390.900,306.377,270.184
01 01 2018 00:30,5.660,516.128,419.646,384.997
01 01 2018 00:40,5.578,491.703,380.651,402.441
01 01 2018 00:50,5.604,499.436,402.392,420.130
01 01 2018 01:00,5.793,557.372,447.606,473.033
01 01 2018 01:10,5.306,414.898,387.242,383.735
01 01 2018 01:20,5.585,493.678,463.651,401.737
01 01 2018 01:30,5.523,475.707,439.726,370.796
01 01 2018 01:40,5.724,535.841,498.182,464.459
01 01 2018 01:50,5.934,603.014,526.816,470.612
01 01 2018 02:00,6.547,824.663,710.587,772.157
01 01 2018 02:10,6.200,693.473,655.194,622.981
01 01 2018 02:20,6.505,808.098,754.763,482.228
01 01 2018 02:30,6.634,859.459,790.173,641.930
01 01 2018 02:40,6.379,759.435,742.985,644.214
01 01 2018 02:50,6.447,785.281,748.230,622.657
01 01 2018 03:00,6.415,773.173,736.648,570.288
01 01 2018 03:10,6.438,781.771,787.246,669.797
01 01 2018 03:20,6.220,700.765,722.864,674.381
01 01 2018 03:30,6.898,970.737,935.033,908.010
01 01 2018 03:40,7.610,1315.049,1220.609,1372.326
01 01 2018 03:50,7.288,1151.266,1053.772,971.965
01 01 2018 04:00,7.943,1497.584,1493.808,1283.318
01 01 2018 04:10,8.376,1752.200,1724.488,1499.964
01 01 2018 04:20,8.237,1668.471,1636.935,1500.323
01 01 2018 04:30,7.880,1461.816,1385.488,1288.518
01 01 2018 04:40,7.101,1062.285,1098.932,967.365
01 01 2018 04:50,6.955,995.996,1021.458,848.783
01 01 2018 05:00,7.098,1060.860,1164.893,976.422
01 01 2018 05:10,6.954,995.251,1073.332,690.704
01 01 2018 05:20,7.250,1132.417,1165.308,1051.604
01 01 2018 05:30,7.295,1154.365,1177.990,1031.047
01 01 2018 05:40,7.376,1194.843,1170.536,1040.021
01 01 2018 05:50,7.449,1231.431,1145.536,889.922
01 01 2018 06:00,7.239,1127.433,1114.027,1019.633
01 01 2018 06:20,7.140,1080.139,1125.331,920.257
01 01 2018 06:30,7.474,1244.634,1228.732,1062.666
01 01 2018 06:40,7.033,1030.993,1021.793,797.771
01 01 2018 06:50,6.886,965.683,957.378,831.560
01 01 2018 07:00,6.888,966.279,909.888,823.195
01 01 2018 07:10,7.216,1116.472,1000.954,918.714
01 01 2018 07:20,7.069,1047.170,1024.478,799.963
01 01 2018 07:30,6.938,988.452,1009.534,919.279
01 01 2018 07:40,6.537,820.417,899.493,707.687
01 01 2018 07:50,6.181,686.637,725.110,545.649
01 01 2018 08:00,5.817,564.928,585.259,618.399
01 01 2018 08:10,5.450,454.774,443.914,388.285
01 01 2018 08:20,5.818,565.349,565.254,336.250
01 01 2018 08:30,6.130,668.824,644.038,484.716
01 01 2018 08:40,6.347,747.461,712.059,551.014
01 01 2018 08:50,6.347,747.595,737.395,634.513
01 01 2018 09:00,6.194,691.546,725.868,563.718
01 01 2018 09:10,4.977,330.418,408.997,280.225
01 01 2018 09:20,5.959,611.284,628.437,513.771
01 01 2018 09:30,6.211,697.650,716.101,592.211
01 01 2018 09:40,6.111,662.235,711.496,589.241
01 01 2018 09:50,6.456,789.011,838.152,696.482
01 01 2018 10:00,6.667,872.740,881.062,779.264
01 01 2018 10:10,6.163,680.328,663.703,620.213
01 01 2018 10:20,6.013,628.443,578.262,394.967
01 01 2018 10:30,5.561,486.780,465.620,397.050
01 01 2018 10:40,4.961,326.411,311.051,129.121
01 01 2018 10:50,4.604,244.316,230.056,209.651
01 01 2018 11:00,4.555,233.633,233.991,193.085
01 01 2018 11:10,4.264,173.574,175.592,150.127
01 01 2018 11:20,3.894,108.571,118.133,84.793
01 01 2018 11:30,4.039,130.230,142.203,78.032
01 01 2018 11:40,4.506,223.197,212.566,171.961
01 01 2018 11:50,4.543,231.243,222.610,169.831
01 01 2018 12:00,4.324,185.599,194.181,148.440
01 01 2018 12:10,3.634,68.503,82.641,32.120
01 01 2018 12:20,3.706,78.396,75.895,55.435
01 01 2018 12:30,3.254,29.287,41.947,8.427
01 01 2018 12:40,3.775,88.871,118.535,46.254
01 01 2018 12:50,4.694,264.119,250.756,277.141
01 01 2018 13:00,5.003,336.722,346.864,313.450
01 01 2018 13:10,5.365,430.921,416.418,357.822
01 01 2018 13:20,5.016,339.985,331.942,344.853
01 01 2018 13:30,5.970,615.056,583.480,607.307
01 01 2018 13:40,6.656,868.181,776.553,779.627
01 01 2018 13:50,6.601,846.029,752.726,738.858
01 01 2018 14:00,5.981,618.731,589.073,565.967
01 01 2018 14:10,7.425,1219.200,1109.128,682.419
01 01 2018 14:20,8.186,1638.509,1482.460,1509.433
01 01 2018 14:30,8.275,1691.147,1523.430,1592.924
01 01 2018 14:40,8.449,1796.763,1572.170,1668.745
01 01 2018 14:50,8.576,1875.047,1698.940,1621.005
01 01 2018 15:00,8.282,1695.539,1616.846,1435.399
01 01 2018 15:10,8.735,1974.476,1796.824,1513.022
01 01 2018 15:20,8.764,1993.171,1885.861,1767.432
01 01 2018 15:30,9.669,2568.827,2327.512,2210.877
01 01 2018 15:40,10.141,2876.754,2499.162,2421.196
01 01 2018 15:50,10.772,3186.030,2820.513,2788.235
01 01 2018 16:00,10.648,3133.259,2812.279,2639.606
01 01 2018 16:10,9.983,2781.274,2530.447,2172.629
01 01 2018 16:20,9.874,2711.492,2399.121,2338.168
01 01 2018 16:30,9.785,2651.341,2335.588,2175.706
01 01 2018 16:40,9.614,2527.946,2341.133,2054.139
01 01 2018 16:50,9.619,2531.148,2391.848,2110.120
01 01 2018 17:00,9.099,2207.793,2118.390,1780.368
01 01 2018 17:10,8.677,1938.479,1866.846,1646.638
01 01 2018 17:20,8.775,2000.012,1865.619,1538.091
01 01 2018 17:30,8.690,1946.374,1862.448,1771.477
01 01 2018 17:40,8.631,1909.416,1884.119,1235.096
01 01 2018 17:50,8.615,1899.101,1855.777,1520.695
01 01 2018 18:00,9.219,2285.917,1958.133,1828.113
01 01 2018 18:10,10.050,2822.510,2228.243,2442.078
01 01 2018 18:20,10.319,2974.867,2529.291,2484.553
01 01 2018 18:30,10.767,3183.722,2788.257,2671.147
01 01 2018 18:40,10.558,3093.111,2692.930,2570.404
01 01 2018 18:50,10.251,2938.395,2535.353,2470.986
01 01 2018 19:00,10.465,3048.824,2584.665,2731.703
01 01 2018 19:10,11.391,3393.646,2960.183,3142.444
01 01 2018 19:20,11.566,3437.597,3062.978,3131.834
01 01 2018 19:30,11.280,3362.669,3024.392,2959.245
01 01 2018 19:40,11.337,3378.826,3187.973,2919.302
01 01 2018 19:50,11.805,3488.249,3387.228,3264.839
01 01 2018 20:00,11.364,3386.244,3209.018,3103.316
01 01 2018 20:10,11.633,3452.881,3272.665,3038.938
01 01 2018 20:20,11.445,3407.868,3209.699,3076.674
01 01 2018 20:30,11.272,3360.226,3134.518,2892.540
01 01 2018 20:40,11.059,3292.881,2977.825,2864.402
01 01 2018 20:50,12.104,3537.174,3431.773,3447.466
01 01 2018 21:00,12.928,3597.469,3604.210,3461.328
01 01 2018 21:10,13.319,3600.000,3601.328,3536.754
01 01 2018 21:20,13.122,3600.000,3604.426,3517.151
01 01 2018 21:30,13.235,3600.000,3604.391,3520.291
01 01 2018 21:40,13.236,3600.000,3604.338,3509.146
01 01 2018 21:50,13.030,3600.000,3554.688,3516.941
01 01 2018 22:00,12.964,3597.795,3479.408,3502.499
01 01 2018 22:10,12.903,3597.131,3472.333,3519.935
01 01 2018 22:20,12.766,3593.705,3491.511,3510.551
01 01 2018 22:30,12.898,3597.060,3536.989,3519.813
01 01 2018 22:40,12.742,3592.814,3528.659,3453.257
01 01 2018 22:50,12.318,3562.990,3581.540,3231.605
01 01 2018 23:00,12.419,3572.556,3570.079,3387.193
01 01 2018 23:10,12.543,3582.205,3597.604,3410.745
01 01 2018 23:20,12.676,3589.946,3441.026,3401.756
01 01 2018 23:30,13.003,3600.000,3373.970,3522.403
01 01 2018 23:40,13.298,3600.000,3369.813,3504.064
01 01 2018 23:50,12.844,3595.985,3375.903,3483.714
02 01 2018 00:00,12.705,3591.301,3377.650,3447.214
02 01 2018 00:10,12.183,3547.628,3374.423,3391.008
02 01 2018 00:20,12.205,3550.307,3401.081,3424.366
02 01 2018 00:30,12.602,3585.959,3469.412,3438.682
02 01 2018 00:40,12.845,3595.996,3511.809,3471.490
02 01 2018 00:50,12.497,3578.912,3536.759,3458.742
02 01 2018 01:00,12.096,3536.105,3467.808,3333.896
02 01 2018 01:10,12.196,3549.207,3460.677,2879.444
02 01 2018 01:20,12.550,3582.703,3589.443,3441.611
02 01 2018 01:30,12.616,3586.763,3527.719,3433.674
02 01 2018 01:40,13.103,3600.000,3561.267,3517.197
02 01 2018 01:50,13.688,3600.000,3604.068,3564.194
02 01 2018 02:00,14.102,3600.000,3604.176,3496.021
02 01 2018 02:10,14.393,3600.000,3593.201,2330.841
02 01 2018 02:20,14.080,3600.000,3493.821,3531.652
02 01 2018 02:30,14.054,3600.000,3470.702,3498.838
02 01 2018 02:40,13.512,3600.000,3436.610,3362.087
02 01 2018 02:50,13.710,3600.000,3401.455,3549.524
02 01 2018 03:00,13.742,3600.000,3395.233,3562.362
02 01 2018 03:10,13.142,3600.000,3417.504,3517.933
02 01 2018 03:20,12.868,3596.505,3465.109,3506.591
02 01 2018 03:30,12.847,3596.060,3467.418,3483.932
02 01 2018 03:40,12.732,3592.422,3522.407,2739.697
02 01 2018 03:50,12.516,3580.323,3510.108,3409.313
02 01 2018 04:00,12.599,3585.767,3513.845,3498.835
02 01 2018 04:10,13.230,3600.000,3564.008,3325.027
02 01 2018 04:20,13.095,3600.000,3475.278,2871.607
02 01 2018 04:30,12.917,3597.329,3561.991,3518.586
02 01 2018 04:40,12.634,3587.763,3521.555,3469.602
02 01 2018 04:50,12.826,3595.524,3493.608,3418.809
02 01 2018 05:00,12.542,3582.111,3555.305,3411.048
02 01 2018 05:10,12.105,3537.338,3377.128,3296.147
02 01 2018 05:20,12.363,3567.395,3479.627,3355.015
02 01 2018 05:30,12.604,3586.079,3539.112,3413.783
02 01 2018 05:40,12.212,3551.162,3430.436,2705.104
02 01 2018 05:50,11.988,3520.012,3301.918,3366.333
02 01 2018 06:00,11.679,3463.031,3235.544,2846.182
02 01 2018 06:10,12.470,3576.798,3519.023,3385.030
02 01 2018 06:20,12.495,3578.749,3469.537,3440.490
02 01 2018 06:30,11.790,3485.418,3296.186,3173.444
02 01 2018 06:40,10.904,3237.315,3045.510,2612.134
02 01 2018 06:50,12.188,3548.215,3444.742,3466.396
02 01 2018 07:00,11.978,3518.508,3417.746,3109.053
02 01 2018 07:10,10.674,3144.977,2807.613,2614.160
02 01 2018 07:20,9.697,2588.592,2493.393,1885.439
02 01 2018 07:30,11.418,3400.782,3215.196,3087.053
02 01 2018 07:40,12.689,3590.573,3589.590,3504.180
02 01 2018 07:50,13.059,3600.000,3599.150,3517.557
02 01 2018 08:00,11.521,3426.922,3375.177,3202.070
02 01 2018 08:10,11.512,3424.847,3346.981,3051.375
02 01 2018 08:20,12.416,3572.337,3567.967,3431.365
02 01 2018 08:30,12.160,3544.687,3519.265,3413.209
02 01 2018 08:40,11.671,3461.270,3485.192,3230.340
02 01 2018 08:50,11.146,3321.546,3145.563,2869.196
02 01 2018 09:00,10.773,3186.225,2978.310,2839.418
02 01 2018 09:10,10.930,3247.075,3179.008,2374.266
02 01 2018 09:20,12.140,3542.070,3461.581,3296.147
02 01 2018 09:30,11.196,3337.205,3082.549,2727.076
02 01 2018 09:40,12.949,3597.678,3493.658,3472.086
02 01 2018 09:50,14.879,3600.000,3601.046,3507.327
02 01 2018 10:00,15.124,3600.000,3597.565,3256.004
02 01 2018 10:10,16.294,3600.000,3602.172,3593.876
02 01 2018 10:20,16.124,3600.000,3601.993,3080.437
02 01 2018 10:30,15.275,3600.000,3600.791,3307.526
02 01 2018 10:40,13.567,3600.000,3590.750,3524.404
02 01 2018 10:50,15.368,3600.000,3601.846,3598.804
02 01 2018 11:00,15.862,3600.000,3601.870,3586.758
02 01 2018 11:10,14.921,3600.000,3591.655,3107.173
02 01 2018 11:20,13.609,3600.000,3579.025,3516.360
02 01 2018 11:30,14.464,3600.000,3598.131,2822.651
02 01 2018 11:40,12.688,3590.528,3525.333,3477.025
02 01 2018 11:50,13.557,3600.000,3560.700,3521.471
02 01 2018 12:00,13.323,3600.000,3537.676,3515.936
02 01 2018 12:10,12.607,3586.261,3491.291,3453.880
02 01 2018 12:20,12.315,3562.628,3530.766,3379.838
02 01 2018 12:30,10.380,3006.718,2915.839,2541.748
02 01 2018 12:40,9.117,2219.692,2178.659,2045.120
02 01 2018 12:50,9.253,2308.323,2244.412,1978.117
02 01 2018 13:00,9.072,2190.705,1278.895,1871.454
02 01 2018 13:10,10.345,2988.425,2832.934,2550.485
02 01 2018 13:20,11.103,3307.711,3205.973,2461.335
02 01 2018 13:30,11.069,3296.301,3149.285,2819.112
02 01 2018 13:40,11.326,3375.743,3273.656,2982.955
02 01 2018 13:50,11.015,3277.761,3114.099,2857.621
02 01 2018 14:00,10.907,3238.706,3111.060,2825.611
02 01 2018 14:10,11.769,3481.449,3361.012,3228.294
02 01 2018 14:20,11.875,3501.130,3421.420,3126.539
02 01 2018 14:30,12.169,3545.852,3520.149,3031.552
02 01 2018 14:40,12.821,3595.389,3589.427,3347.076
02 01 2018 14:50,12.572,3584.095,3495.116,3482.976
02 01 2018 15:00,11.399,3395.929,3298.762,3045.944
02 01 2018 15:10,10.545,3087.174,2894.441,2905.930
02 01 2018 15:20,12.309,3562.063,3486.629,3286.776
02 01 2018 15:30,12.168,3545.732,3455.247,3335.764
02 01 2018 15:40,12.287,3559.699,3556.786,3490.038
02 01 2018 15:50,12.013,3523.986,3375.582,3257.696
02 01 2018 16:00,12.214,3551.319,3493.979,3303.614
02 01 2018 16:10,12.938,3597.575,3549.148,3501.316
02 01 2018 16:20,13.669,3600.000,3483.316,3504.912
02 01 2018 16:30,13.698,3600.000,3589.859,3490.175
02 01 2018 16:40,12.758,3593.421,3584.235,3481.351
02 01 2018 16:50,12.765,3593.664,3599.008,3471.350
02 01 2018 17:00,13.077,3600.000,3602.638,3511.141
02 01 2018 17:10,12.593,3585.451,3550.564,3424.663
02 01 2018 17:20,12.514,3580.140,3552.783,3206.463
02 01 2018 17:30,12.534,3581.613,3585.011,3446.723
02 01 2018 17:40,11.964,3516.310,3421.176,3234.063
02 01 2018 17:50,11.946,3513.264,3406.040,3244.031
02 01 2018 18:00,12.207,3550.542,3515.610,2597.986
02 01 2018 18:10,12.275,3558.399,3515.965,3409.451
02 01 2018 18:20,12.723,3592.036,3475.419,3436.223
02 01 2018 18:30,12.265,3557.316,3471.157,3172.085
02 01 2018 18:40,11.704,3468.160,3281.755,3076.324
02 01 2018 18:50,10.964,3259.413,2955.115,2949.946
02 01 2018 19:00,11.298,3367.805,3061.735,1777.352
02 01 2018 19:10,10.666,3141.293,2679.110,2718.048
02 01 2018 19:20,10.833,3210.351,2721.081,2801.265
02 01 2018 19:30,10.578,3102.340,2649.137,1888.640
02 01 2018 19:40,10.389,3010.962,2707.743,2650.605
02 01 2018 19:50,10.080,2841.099,2508.832,2292.936
02 01 2018 20:00,9.839,2687.688,2316.648,2374.594
02 01 2018 20:10,11.440,3406.637,3081.543,3270.173
02 01 2018 20:20,11.944,3512.977,3397.639,3316.009
02 01 2018 20:30,11.859,3498.354,3391.716,2985.312
02 01 2018 20:40,12.811,3595.136,3587.511,3025.404
02 01 2018 20:50,12.914,3597.284,3603.112,3471.254
02 01 2018 21:00,12.728,3592.269,3591.093,3365.720
02 01 2018 21:10,11.664,3459.657,3221.045,3094.880
02 01 2018 21:20,11.095,3305.039,2887.734,2911.556
02 01 2018 21:30,10.161,2888.183,2364.535,2147.239
02 01 2018 21:40,9.202,2275.211,1935.847,1867.583
02 01 2018 21:50,8.539,1852.274,1549.481,1466.222
02 01 2018 22:00,8.809,2021.754,1625.756,1845.859
02 01 2018 22:10,9.608,2523.609,1994.222,2047.329
02 01 2018 22:20,9.845,2691.849,2362.000,2199.704
02 01 2018 22:30,9.339,2364.199,2097.772,2039.072
02 01 2018 22:40,8.425,1781.900,1564.591,1600.938
02 01 2018 22:50,7.656,1339.714,1107.475,1238.783
02 01 2018 23:00,8.145,1613.848,1303.117,1410.095
02 01 2018 23:10,8.547,1857.140,1561.182,1675.389
02 01 2018 23:20,8.382,1755.628,1544.999,1047.272
02 01 2018 23:30,7.850,1445.554,1456.738,1086.951
02 01 2018 23:40,8.657,1925.374,1795.644,1827.490
02 01 2018 23:50,10.923,3244.617,2773.291,2737.198
03 01 2018 00:00,10.405,3019.333,2782.568,2237.944
03 01 2018 00:10,9.498,2468.761,2446.424,1804.791
03 01 2018 00:20,11.930,3510.685,3412.392,3251.811
03 01 2018 00:30,11.076,3298.718,3255.338,2937.552
03 01 2018 00:40,10.458,3045.467,2796.877,2612.169
03 01 2018 00:50,9.791,2655.255,2467.954,2169.213
03 01 2018 01:00,7.626,1323.911,1278.887,1144.430
03 01 2018 01:10,7.288,1150.914,1042.538,997.324
03 01 2018 01:20,6.228,703.721,609.076,560.186
03 01 2018 01:30,4.472,216.017,175.441,135.680
03 01 2018 01:40,4.128,147.104,112.111,51.619
03 01 2018 01:50,5.033,344.110,271.917,267.937
03 01 2018 02:00,6.267,717.844,737.449,659.804
03 01 2018 02:10,7.763,1397.523,1375.580,1312.356
03 01 2018 02:20,8.220,1658.119,1520.890,1456.172
03 01 2018 02:30,7.975,1515.649,1349.112,1318.086
03 01 2018 02:40,6.794,926.045,889.130,798.464
03 01 2018 02:50,5.536,479.447,412.116,408.802
03 01 2018 03:00,5.492,466.620,444.604,413.175
03 01 2018 03:10,6.077,650.187,655.731,638.640
03 01 2018 03:20,6.691,882.728,882.565,716.046
03 01 2018 03:30,6.848,949.012,998.385,852.477
03 01 2018 03:40,7.759,1395.365,1193.396,1074.274
03 01 2018 03:50,7.418,1215.660,1122.712,1072.135
03 01 2018 04:00,7.472,1243.600,1214.126,1151.048
03 01 2018 04:10,7.081,1052.768,1086.307,930.555
03 01 2018 04:20,7.054,1040.357,1060.603,450.188
03 01 2018 04:30,7.766,1399.150,1451.714,1306.607
03 01 2018 04:40,7.833,1435.999,1361.460,1287.379
03 01 2018 04:50,7.959,1506.777,1490.570,1383.378
03 01 2018 05:00,7.284,1149.012,1153.139,979.237
03 01 2018 05:10,7.001,1016.553,953.976,836.290
03 01 2018 05:20,6.758,910.728,799.086,797.760
03 01 2018 05:30,6.180,686.411,616.255,606.348
03 01 2018 05:40,6.302,730.590,646.925,627.379
03 01 2018 05:50,7.518,1267.135,1323.682,827.880
03 01 2018 06:00,8.094,1584.396,1568.886,1406.622
03 01 2018 06:10,7.855,1448.061,1580.903,904.219
03 01 2018 06:20,7.719,1373.675,1495.180,1343.120
03 01 2018 06:30,8.848,2046.439,2063.869,1872.744
03 01 2018 06:40,9.631,2540.492,2368.760,2132.251
03 01 2018 06:50,9.768,2638.972,2516.420,1512.213
03 01 2018 07:00,9.185,2263.873,2108.771,1475.202
03 01 2018 07:10,9.928,2746.290,2568.111,2211.649
03 01 2018 07:20,12.033,3526.952,3445.220,3290.368
03 01 2018 07:30,10.873,3225.769,2994.107,2731.031
03 01 2018 07:40,10.381,3006.932,2594.937,1843.344
03 01 2018 07:50,10.343,2987.588,2326.826,1929.500
03 01 2018 08:00,9.284,2328.308,1941.464,1985.165
03 01 2018 08:10,8.264,1684.578,1581.487,1432.635
03 01 2018 08:20,7.161,1090.179,1013.287,908.223
03 01 2018 08:30,5.502,469.619,375.618,464.309
03 01 2018 08:40,4.646,253.467,198.151,198.067
03 01 2018 08:50,3.848,100.642,87.440,33.350
03 01 2018 09:00,4.554,233.456,189.138,160.134
03 01 2018 09:10,5.736,539.507,434.432,539.777
03 01 2018 09:20,5.058,350.369,336.501,256.662
03 01 2018 09:30,4.922,317.172,296.610,245.519
03 01 2018 09:40,3.821,96.252,92.924,67.447
03 01 2018 09:50,3.581,61.577,85.702,45.914
03 01 2018 10:00,4.716,269.206,309.511,213.558
03 01 2018 10:10,5.081,356.114,381.173,311.269
03 01 2018 10:20,5.343,425.023,417.266,321.871
03 01 2018 10:30,5.453,455.499,446.344,346.376
03 01 2018 10:40,4.297,180.221,206.602,142.497
03 01 2018 10:50,4.736,273.753,251.376,196.872
03 01 2018 11:00,4.781,283.865,275.014,260.063
03 01 2018 11:10,4.894,310.413,314.274,317.287
03 01 2018 11:20,4.487,219.356,238.782,182.873
03 01 2018 11:30,5.315,417.263,409.027,337.301
03 01 2018 11:40,5.711,531.919,506.470,435.499
03 01 2018 11:50,5.375,433.718,427.957,364.038
03 01 2018 12:00,6.896,969.635,952.268,868.004
03 01 2018 12:10,7.241,1128.238,1019.905,1054.966
03 01 2018 12:20,6.710,890.612,1015.358,540.616
03 01 2018 12:30,6.852,950.717,979.723,810.243
03 01 2018 12:40,5.078,355.474,379.408,287.076
03 01 2018 12:50,6.521,814.344,841.598,482.228
03 01 2018 13:00,6.171,683.275,672.619,628.230
03 01 2018 13:10,5.449,454.517,452.079,364.741
03 01 2018 13:20,5.851,575.911,558.998,446.067
03 01 2018 13:30,5.094,359.455,331.719,246.700
03 01 2018 13:40,4.599,243.166,212.101,185.519
03 01 2018 13:50,3.630,67.872,79.721,55.442
03 01 2018 14:00,4.473,216.233,183.013,151.236
03 01 2018 14:10,4.919,316.255,279.196,282.459
03 01 2018 14:20,5.626,505.938,460.217,410.268
03 01 2018 14:30,6.317,736.165,647.711,652.958
03 01 2018 14:40,6.237,706.963,685.078,483.801
03 01 2018 14:50,6.449,786.331,709.834,698.002
03 01 2018 15:00,5.783,554.126,493.356,350.519
03 01 2018 15:10,5.346,425.803,366.079,359.782
03 01 2018 15:20,4.379,196.886,183.038,143.153
03 01 2018 15:30,3.011,16.374,7.348,48.658
03 01 2018 15:40,3.743,83.986,0.000,15.265
03 01 2018 15:50,3.246,28.731,12.344,2.138
03 01 2018 16:00,2.186,0.000,-0.393,0.000
03 01 2018 16:10,2.142,0.000,0.000,0.069
03 01 2018 16:20,2.501,0.000,0.000,0.019
03 01 2018 16:30,2.669,0.000,0.000,0.093
03 01 2018 16:40,3.034,17.181,0.000,3.145
03 01 2018 16:50,3.197,25.431,0.000,6.967
03 01 2018 17:00,3.908,110.980,0.000,97.294
03 01 2018 17:10,3.801,93.007,65.988,86.778
03 01 2018 17:20,4.437,208.815,157.850,191.918
03 01 2018 17:30,3.678,74.458,50.422,51.854
03 01 2018 17:40,4.115,144.721,88.188,124.632
03 01 2018 17:50,4.987,332.902,242.313,199.154
03 01 2018 18:00,4.871,304.954,262.802,217.093
03 01 2018 18:10,5.921,598.758,584.667,462.671
03 01 2018 18:20,5.031,343.549,298.587,316.050
03 01 2018 18:30,4.998,335.474,279.773,263.952
03 01 2018 18:40,6.434,780.560,823.480,598.894
03 01 2018 18:50,6.997,1014.476,883.266,902.482
03 01 2018 19:00,7.625,1323.351,1155.174,1204.391
03 01 2018 19:10,8.103,1589.536,1400.389,1055.275
03 01 2018 19:20,7.519,1267.568,1205.105,1079.836
03 01 2018 19:30,7.688,1356.847,1292.051,1170.514
03 01 2018 19:40,8.459,1802.775,1856.177,1686.927
03 01 2018 19:50,9.077,2193.938,1928.175,1751.707
03 01 2018 20:00,8.439,1790.768,1604.427,1700.390
03 01 2018 20:10,7.987,1522.807,1599.996,1269.091
03 01 2018 20:20,7.940,1495.817,1456.095,1479.284
03 01 2018 20:30,7.720,1373.888,1386.623,1324.156
03 01 2018 20:40,7.774,1403.435,1460.361,1278.240
03 01 2018 20:50,8.582,1878.957,1894.795,1678.477
03 01 2018 21:00,8.339,1729.805,1760.423,1544.716
03 01 2018 21:10,9.084,2198.000,2010.977,1694.801
03 01 2018 21:20,8.675,1937.131,1828.816,1463.168
03 01 2018 21:30,9.151,2241.614,1960.693,1294.705
03 01 2018 21:40,9.192,2268.199,1900.448,1200.853
03 01 2018 21:50,8.260,1682.389,1549.958,1433.159
03 01 2018 22:00,8.490,1821.638,1692.689,1730.576
03 01 2018 22:10,8.789,2008.642,1931.084,1821.926
03 01 2018 22:20,8.956,2115.986,2060.148,1819.734
03 01 2018 22:30,9.096,2205.806,2069.625,1910.476
03 01 2018 22:40,8.726,1969.014,2037.267,1820.115
03 01 2018 22:50,8.112,1594.826,1594.846,1296.323
03 01 2018 23:00,6.857,952.755,994.583,887.752
03 01 2018 23:10,7.280,1147.125,1137.285,781.710
03 01 2018 23:20,7.534,1275.663,1267.858,755.309
03 01 2018 23:30,6.946,991.792,1002.463,887.272
03 01 2018 23:40,7.086,1054.959,1172.348,976.917
03 01 2018 23:50,7.407,1210.225,1252.139,1043.828
04 01 2018 00:00,6.934,986.600,1121.167,854.154
04 01 2018 00:10,7.151,1085.577,1183.021,1003.328
04 01 2018 00:20,6.572,834.332,932.308,581.168
04 01 2018 00:30,6.760,911.392,989.508,730.189
04 01 2018 00:40,6.415,773.074,750.551,454.345
04 01 2018 00:50,6.523,815.196,825.766,686.149
04 01 2018 01:00,7.063,1044.580,1116.487,698.335
04 01 2018 01:10,6.693,883.558,986.760,737.055
04 01 2018 01:20,6.809,932.355,1018.145,758.353
04 01 2018 01:30,6.096,656.960,659.178,580.978
04 01 2018 01:40,6.143,673.190,729.487,474.715
04 01 2018 01:50,6.430,779.022,864.503,604.915
04 01 2018 02:00,7.538,1277.729,1342.239,1112.673
04 01 2018 02:10,7.363,1188.279,1279.098,1077.137
04 01 2018 02:20,7.461,1237.647,1351.392,1147.193
04 01 2018 02:30,7.032,1030.350,1039.727,1028.393
04 01 2018 02:40,6.875,960.607,876.017,927.483
04 01 2018 02:50,6.345,746.734,754.008,663.061
04 01 2018 03:00,7.185,1101.654,1122.335,885.205
04 01 2018 03:10,6.635,859.986,907.797,801.903
04 01 2018 03:20,6.927,983.580,1009.737,1128.450
04 01 2018 03:30,8.334,1726.419,1806.990,1499.772
04 01 2018 03:40,9.533,2465.780,2374.844,2153.316
04 01 2018 03:50,8.426,1782.576,1779.209,1617.105
04 01 2018 04:00,7.494,1254.911,1334.981,1099.594
04 01 2018 04:10,8.010,1535.680,1562.947,1384.227
04 01 2018 04:20,7.945,1498.388,1562.117,1479.284
04 01 2018 04:30,7.728,1378.330,1464.977,1335.579
04 01 2018 04:40,7.462,1238.475,1312.358,1103.928
04 01 2018 04:50,6.420,775.115,767.037,640.595
04 01 2018 05:00,4.748,276.525,283.259,249.499
04 01 2018 05:10,6.264,716.808,687.107,654.365
04 01 2018 05:20,5.501,469.255,465.754,365.244
04 01 2018 05:30,5.272,405.760,355.622,345.595
04 01 2018 05:40,5.702,529.001,467.825,447.265
04 01 2018 05:50,6.579,837.335,865.347,796.069
04 01 2018 06:00,7.678,1351.561,1512.972,1360.215
04 01 2018 06:10,7.896,1470.902,1491.699,1333.843
04 01 2018 06:20,8.965,2121.356,2004.441,1849.106
04 01 2018 06:30,8.083,1577.962,1581.483,1404.974
04 01 2018 06:40,7.800,1417.519,1431.621,1316.352
04 01 2018 06:50,7.978,1517.597,1523.793,1530.739
04 01 2018 07:00,8.155,1620.258,1693.271,1397.066
04 01 2018 07:10,8.249,1675.437,1775.038,1347.879
04 01 2018 07:20,8.496,1825.434,1875.410,1745.623
04 01 2018 07:30,7.962,1508.211,1558.058,1397.214
04 01 2018 07:40,8.352,1737.574,1811.089,1072.956
04 01 2018 07:50,8.135,1608.368,1686.126,1611.035
04 01 2018 08:00,9.599,2516.478,2362.263,2098.465
04 01 2018 08:10,8.982,2132.426,2000.865,1909.557
04 01 2018 08:20,7.285,1149.462,1169.965,1101.970
04 01 2018 08:30,7.521,1269.041,1309.224,721.318
04 01 2018 08:40,6.215,699.067,759.015,504.868
04 01 2018 08:50,5.501,469.292,498.190,385.560
04 01 2018 09:00,5.107,362.628,332.482,235.802
04 01 2018 09:10,4.650,254.400,253.585,195.773
04 01 2018 09:20,4.374,195.867,180.412,147.221
04 01 2018 09:30,4.833,296.048,258.366,157.879
04 01 2018 09:40,4.907,313.591,133.005,241.546
04 01 2018 12:40,2.888,0.000,0.000,2.048
04 01 2018 12:50,2.387,0.000,0.000,-0.019
04 01 2018 13:00,2.477,0.000,0.000,0.006
04 01 2018 13:10,1.774,0.000,0.000,0.000
04 01 2018 13:20,2.485,0.000,0.000,0.004
04 01 2018 13:30,2.765,0.000,0.000,0.329
04 01 2018 13:40,2.507,0.000,0.000,0.004
04 01 2018 13:50,3.442,45.743,0.000,5.412
04 01 2018 14:00,2.485,0.000,0.000,0.008
04 01 2018 14:10,2.437,0.000,0.000,0.025
04 01 2018 14:20,2.359,0.000,0.000,0.070
04 01 2018 14:30,3.021,16.713,0.000,5.214
04 01 2018 14:40,3.395,41.152,0.000,17.594
04 01 2018 14:50,3.414,42.911,0.000,48.236
04 01 2018 15:00,5.160,376.309,0.000,198.033
04 01 2018 15:10,5.161,376.681,0.000,367.990
04 01 2018 15:20,5.415,444.872,0.000,314.780
04 01 2018 15:30,6.779,919.370,0.000,548.893
04 01 2018 15:40,4.437,208.761,0.000,153.470
04 01 2018 15:50,5.014,339.425,210.720,328.797
04 01 2018 16:00,5.274,406.358,338.650,348.585
04 01 2018 16:10,5.916,596.882,518.552,456.455
04 01 2018 16:20,5.858,578.194,504.068,515.061
04 01 2018 16:30,5.651,513.468,446.733,452.365
04 01 2018 16:40,6.350,748.471,705.705,645.625
04 01 2018 16:50,6.636,860.401,795.317,645.297
04 01 2018 17:00,7.010,1020.609,1012.676,884.775
04 01 2018 17:10,7.559,1288.599,1240.824,1046.017
04 01 2018 17:20,7.404,1208.758,1282.075,1080.055
04 01 2018 17:30,6.801,928.662,941.587,726.489
04 01 2018 17:40,5.825,567.654,590.837,523.662
04 01 2018 17:50,6.080,651.344,650.563,597.164
04 01 2018 18:00,6.582,838.618,871.511,766.617
04 01 2018 18:10,6.643,863.156,914.121,667.029
04 01 2018 18:20,6.345,746.819,835.842,653.362
04 01 2018 18:30,6.043,638.438,624.991,546.501
04 01 2018 18:40,5.758,546.260,591.956,466.620
04 01 2018 18:50,5.694,526.654,509.349,464.927
04 01 2018 19:00,7.069,1047.202,1190.816,1017.337
04 01 2018 19:10,6.642,862.483,963.733,801.903
04 01 2018 19:20,6.690,882.408,980.976,694.070
04 01 2018 19:30,6.363,753.562,777.848,621.519
04 01 2018 19:40,6.827,940.153,980.224,890.020
04 01 2018 19:50,6.716,893.242,962.430,701.624
04 01 2018 20:00,5.415,444.920,462.770,408.842
04 01 2018 20:10,6.953,995.155,1139.241,858.021
04 01 2018 20:20,7.424,1218.765,1418.632,1178.884
04 01 2018 20:30,8.381,1755.404,1716.139,1371.420
04 01 2018 20:40,7.493,1254.389,1312.791,871.657
04 01 2018 20:50,7.380,1196.861,1222.021,975.674
04 01 2018 21:00,6.245,709.696,703.722,523.114
04 01 2018 21:10,5.493,467.106,470.801,248.092
04 01 2018 21:20,5.124,367.093,387.340,289.942
04 01 2018 21:30,5.285,409.243,402.475,375.595
04 01 2018 21:40,5.540,480.521,460.291,393.627
04 01 2018 21:50,6.016,629.291,619.872,561.039
04 01 2018 22:00,5.597,497.351,470.200,393.066
04 01 2018 22:10,6.277,721.605,691.014,594.128
04 01 2018 22:20,6.493,803.393,826.995,675.707
04 01 2018 22:30,6.787,922.745,892.424,785.997
04 01 2018 22:40,6.764,913.366,907.188,822.922
04 01 2018 22:50,5.725,536.095,545.265,473.817
04 01 2018 23:00,6.238,707.326,688.836,399.686
04 01 2018 23:10,5.945,606.725,591.909,516.616
04 01 2018 23:20,6.172,683.652,660.694,582.232
04 01 2018 23:30,6.352,749.162,747.408,633.025
04 01 2018 23:40,7.169,1093.910,1174.243,959.451
04 01 2018 23:50,6.629,857.472,873.481,671.462
05 01 2018 00:00,6.555,827.512,845.205,690.030
05 01 2018 00:10,6.395,765.543,837.064,686.422
05 01 2018 00:20,6.797,927.208,949.494,810.577
05 01 2018 00:30,6.920,980.583,1045.365,843.271
05 01 2018 00:40,6.278,721.978,791.084,666.071
05 01 2018 00:50,6.683,879.378,994.750,573.360
05 01 2018 01:00,6.721,895.215,933.423,809.116
05 01 2018 01:10,7.132,1076.439,1049.433,789.374
05 01 2018 01:20,6.149,675.275,671.724,538.778
05 01 2018 01:30,6.896,969.894,966.831,921.959
05 01 2018 01:40,6.926,983.152,982.259,632.372
05 01 2018 01:50,6.568,832.829,825.662,679.094
05 01 2018 02:00,6.399,767.020,723.139,642.979
05 01 2018 02:10,5.447,453.770,418.641,374.911
05 01 2018 02:20,5.109,363.158,327.276,284.793
05 01 2018 02:30,5.233,395.242,388.317,315.484
05 01 2018 02:40,4.244,169.676,167.222,157.759
05 01 2018 02:50,4.137,148.881,137.247,156.175
05 01 2018 03:00,4.161,153.473,130.767,107.928
05 01 2018 03:10,4.124,146.392,117.812,70.388
05 01 2018 03:20,4.126,146.765,111.343,89.822
05 01 2018 03:30,4.205,161.974,114.296,64.853
05 01 2018 03:40,4.355,191.977,143.787,145.866
05 01 2018 03:50,3.952,118.999,88.936,68.711
05 01 2018 04:00,4.434,208.181,183.670,165.418
05 01 2018 04:10,3.678,74.476,82.144,47.494
05 01 2018 04:20,4.064,134.899,139.947,103.937
05 01 2018 04:30,5.488,465.686,434.501,410.810
05 01 2018 04:40,5.626,505.938,474.061,455.413
05 01 2018 04:50,5.394,439.154,415.150,280.210
05 01 2018 05:00,5.457,456.790,435.026,265.599
05 01 2018 05:10,5.451,454.987,402.388,381.819
05 01 2018 05:20,4.764,280.106,257.217,221.014
05 01 2018 05:30,4.101,142.017,137.417,117.683
05 01 2018 05:40,3.941,116.973,102.359,73.101
05 01 2018 05:50,3.878,105.749,92.738,49.204
05 01 2018 06:00,3.837,98.818,78.115,56.804
05 01 2018 06:10,4.131,147.633,110.312,79.052
05 01 2018 06:20,4.082,138.372,102.553,19.464
05 01 2018 06:30,3.840,99.321,77.851,88.544
05 01 2018 06:40,3.976,123.415,81.453,95.454
05 01 2018 06:50,3.821,96.144,66.642,100.248
05 01 2018 07:00,3.981,124.293,90.015,81.202
05 01 2018 07:10,4.143,149.984,112.034,178.830
05 01 2018 07:20,3.929,114.805,82.114,99.665
05 01 2018 07:30,3.227,27.413,13.934,4.565
05 01 2018 07:40,2.694,0.000,0.000,5.963
05 01 2018 07:50,3.761,86.649,0.000,49.560
05 01 2018 08:00,3.735,82.710,55.445,45.914
05 01 2018 08:10,3.310,33.625,22.781,10.456
05 01 2018 08:20,2.854,0.000,4.355,0.359
05 01 2018 08:30,2.665,0.000,0.000,0.073
05 01 2018 08:40,3.140,22.057,0.000,5.256
05 01 2018 08:50,2.633,0.000,0.000,0.025
05 01 2018 09:00,1.738,0.000,0.000,0.000
05 01 2018 09:10,1.936,0.000,0.000,0.000
05 01 2018 09:20,1.757,0.000,0.000,0.000
05 01 2018 09:30,1.542,0.000,0.000,0.000
05 01 2018 09:40,1.623,0.000,0.000,0.000
05 01 2018 09:50,2.062,0.000,0.000,0.000
05 01 2018 10:00,2.059,0.000,0.000,0.000
05 01 2018 10:10,2.154,0.000,0.000,0.000
05 01 2018 10:20,2.047,0.000,0.000,0.000
05 01 2018 10:30,1.635,0.000,0.000,0.321
05 01 2018 10:40,0.839,0.000,0.000,0.000
05 01 2018 10:50,1.287,0.000,0.000,0.000
05 01 2018 11:00,1.371,0.000,0.000,0.000
05 01 2018 11:10,2.464,0.000,0.000,0.014
05 01 2018 11:20,3.067,18.522,0.000,1.020
05 01 2018 11:30,2.977,0.000,0.000,1.756
05 01 2018 11:40,2.896,0.000,0.000,1.604
05 01 2018 11:50,2.202,0.000,0.000,0.005
05 01 2018 12:00,3.418,43.358,0.000,28.301
05 01 2018 12:10,3.210,26.226,0.000,2.366
05 01 2018 12:20,3.093,19.650,0.000,-0.054
05 01 2018 12:30,2.958,0.000,0.000,0.544
05 01 2018 12:40,3.803,93.234,0.000,55.872
05 01 2018 12:50,2.682,0.000,0.000,0.056
05 01 2018 13:00,2.175,0.000,0.000,0.000
05 01 2018 13:10,2.127,0.000,0.000,0.000
05 01 2018 13:20,1.911,0.000,0.000,0.000
05 01 2018 13:30,1.718,0.000,0.000,0.000
05 01 2018 13:40,1.954,0.000,0.000,0.000
05 01 2018 13:50,2.104,0.000,0.000,0.471
05 01 2018 14:00,2.174,0.000,0.000,0.000
05 01 2018 14:10,1.786,0.000,0.000,0.000
05 01 2018 14:20,1.512,0.000,0.000,0.000
05 01 2018 14:30,1.600,0.000,0.000,0.000
05 01 2018 14:40,1.384,0.000,0.000,0.000
05 01 2018 14:50,1.282,0.000,0.000,0.000
05 01 2018 15:00,1.768,0.000,0.000,0.000
05 01 2018 15:10,1.631,0.000,0.000,0.000
05 01 2018 15:20,1.434,0.000,0.000,0.000
05 01 2018 15:30,1.669,0.000,0.000,0.000
05 01 2018 15:40,1.545,0.000,0.000,0.000
05 01 2018 15:50,1.982,0.000,0.000,0.000
05 01 2018 16:00,2.634,0.000,0.000,0.007
05 01 2018 16:10,2.414,0.000,0.000,0.033
05 01 2018 16:20,2.153,0.000,0.000,0.000
05 01 2018 16:30,2.120,0.000,0.000,0.001
05 01 2018 16:40,2.239,0.000,0.000,0.001
05 01 2018 16:50,2.801,0.000,0.000,0.235
05 01 2018 17:00,3.202,25.719,0.000,18.007
05 01 2018 17:10,2.876,0.000,0.000,5.271
05 01 2018 17:20,2.855,0.000,0.000,1.478
05 01 2018 17:30,2.863,0.000,0.000,1.827
05 01 2018 17:40,2.499,0.000,0.000,0.041
05 01 2018 17:50,2.928,0.000,0.000,5.458
05 01 2018 18:00,2.826,0.000,0.000,5.963
05 01 2018 18:10,2.271,0.000,0.000,0.022
05 01 2018 18:20,2.446,0.000,0.000,0.009
05 01 2018 18:30,2.878,0.000,0.000,1.555
05 01 2018 18:40,2.957,0.000,0.000,1.296
05 01 2018 18:50,3.569,60.056,0.000,27.281
05 01 2018 19:00,2.450,0.000,0.000,0.032
05 01 2018 19:10,1.791,0.000,0.000,0.000
05 01 2018 19:20,1.930,0.000,0.000,0.000
05 01 2018 19:30,1.661,0.000,0.000,0.000
05 01 2018 19:40,2.148,0.000,0.000,0.000
05 01 2018 19:50,2.625,0.000,0.000,0.009
05 01 2018 20:00,2.289,0.000,0.000,0.005
05 01 2018 20:10,2.671,0.000,0.000,0.417
05 01 2018 20:20,2.724,0.000,0.000,6.791
05 01 2018 20:30,2.813,0.000,0.000,0.231
05 01 2018 20:40,2.680,0.000,0.000,0.056
05 01 2018 20:50,2.554,0.000,0.000,0.266
05 01 2018 21:00,2.330,0.000,0.000,0.001
05 01 2018 21:10,1.549,0.000,0.000,0.000
05 01 2018 21:20,1.567,0.000,0.000,0.000
05 01 2018 21:30,2.108,0.000,0.000,0.000
05 01 2018 21:40,1.790,0.000,0.000,0.000
05 01 2018 21:50,1.784,0.000,0.000,0.000
05 01 2018 22:00,1.452,0.000,0.000,0.000
05 01 2018 22:10,2.141,0.000,0.000,0.000
05 01 2018 22:20,2.596,0.000,0.000,0.286
05 01 2018 22:30,2.092,0.000,0.000,0.049
05 01 2018 22:40,1.928,0.000,0.000,0.018
05 01 2018 22:50,1.896,0.000,0.000,0.000
05 01 2018 23:00,1.386,0.000,0.000,0.000
05 01 2018 23:10,1.384,0.000,0.000,0.000
05 01 2018 23:20,1.208,0.000,0.000,0.012
05 01 2018 23:30,1.213,0.000,0.000,0.002
05 01 2018 23:40,1.217,0.000,0.000,0.000
