Date/Time,LV ActivePower (kW),Wind Speed (m/s),Theoretical_Power_Curve (KWh),Wind Direction (°)
01 01 2018 00:00,380.0477905,5.31133604,416.3289078,259.9949036
01 01 2018 00:10,453.7691956,5.672166824,519.9175111,268.6411133
01 01 2018 00:20,306.3765869,5.216036797,390.9000158,272.5647888
01 01 2018 00:30,419.6459045,5.659674168,516.127569,271.2580872
01 01 2018 00:40,380.6506958,5.577940941,491.702972,265.6742859
01 01 2018 00:50,402.3919983,5.604052067,499.436385,264.5786133
01 01 2018 01:00,447.6057129,5.793007851,557.3723633,266.1636047
01 01 2018 01:10,387.2421875,5.306049824,414.8981788,257.9494934
01 01 2018 01:20,463.6512146,5.584629059,493.6776521,253.4806976
01 01 2018 01:30,439.725708,5.523228168,475.7067828,258.7237854
01 01 2018 01:40,498.1817017,5.724115849,535.841397,251.8509979
01 01 2018 01:50,526.8162231,5.934198856,603.0140765,265.5046997
01 01 2018 02:00,710.5872803,6.547413826,824.6625136,274.2329102
01 01 2018 02:10,655.1942749,6.199746132,693.4726411,266.7331848
01 01 2018 02:20,754.7625122,6.505383015,808.0981385,266.7604065
01 01 2018 02:30,790.1732788,6.634116173,859.4590208,270.4931946
01 01 2018 02:40,742.9852905,6.378912926,759.4345366,266.5932922
01 01 2018 02:50,748.2296143,6.446652889,785.2810099,265.5718079
01 01 2018 03:00,736.6478271,6.415082932,773.1728635,261.1586914
01 01 2018 03:10,787.2462158,6.437530994,781.7712157,257.5602112
01 01 2018 03:20,722.8640747,6.220024109,700.7646999,255.9264984
01 01 2018 03:30,935.0333862,6.89802599,970.7366269,250.0128937
01 01 2018 03:40,1220.609009,7.60971117,1315.048928,255.9857025
01 01 2018 03:50,1053.771973,7.288355827,1151.265744,255.4445953
01 01 2018 04:00,1493.807983,7.943101883,1497.583724,256.4074097
01 01 2018 04:10,1724.488037,8.376161575,1752.199662,252.4125977
01 01 2018 04:20,1636.935059,8.23695755,1668.470707,247.9794006
01 01 2018 04:30,1385.488037,7.879590988,1461.815791,238.6096039
01 01 2018 04:40,1098.932007,7.101376057,1062.285034,245.0955963
01 01 2018 04:50,1021.458008,6.955307007,995.9958546,245.410202
01 01 2018 05:00,1164.892944,7.098298073,1060.859712,235.2279053
01 01 2018 05:10,1073.332031,6.953630924,995.2509608,242.8726959
01 01 2018 05:20,1165.307983,7.249577999,1132.416861,244.8356934
01 01 2018 05:30,1177.98999,7.294691086,1154.365305,242.4815979
01 01 2018 05:40,1170.536011,7.376369953,1194.843099,247.9772034
01 01 2018 05:50,1145.536011,7.448554039,1231.430706,249.6829987
01 01 2018 06:00,1114.026978,7.23925209,1127.433206,248.401001
01 01 2018 06:10,1153.185059,7.329211235,1171.355044,244.6217041
01 01 2018 06:20,1125.331055,7.139705181,1080.139085,244.6318054
01 01 2018 06:30,1228.732056,7.474228859,1244.633534,245.7859955
01 01 2018 06:40,1021.79303,7.033174038,1030.992686,248.6522064
01 01 2018 06:50,957.3781738,6.886455059,965.6833344,244.6116943
01 01 2018 07:00,909.8878174,6.887821198,966.2791049,235.8482971
01 01 2018 07:10,1000.953979,7.216432095,1116.471899,232.8426971
01 01 2018 07:20,1024.478027,7.068597794,1047.170231,229.933197
01 01 2018 07:30,1009.533997,6.938295841,988.4519407,230.1367035
01 01 2018 07:40,899.492981,6.536687851,820.4166586,234.9338074
01 01 2018 07:50,725.1101074,6.180624962,686.6369422,232.8379059
01 01 2018 08:00,585.2593994,5.816825867,564.9276595,240.3287964
01 01 2018 08:10,443.9139099,5.450150967,454.7735871,238.126297
01 01 2018 08:20,565.2537842,5.81814909,565.3490932,235.800293
01 01 2018 08:30,644.0377808,6.130272865,668.8235693,224.9586945
01 01 2018 08:40,712.0588989,6.347077847,747.4606734,216.803894
01 01 2018 08:50,737.3947754,6.347436905,747.5951091,205.7852936
01 01 2018 09:00,725.868103,6.194368839,691.5463343,199.8484955
01 01 2018 09:10,408.997406,4.977198124,330.4176304,207.9978027
01 01 2018 09:20,628.4368286,5.959111214,611.2838365,210.954895
01 01 2018 09:30,716.1005859,6.21137619,697.6494744,215.6940002
01 01 2018 09:40,711.4956055,6.111453056,662.235163,220.8426056
01 01 2018 09:50,838.1519165,6.456322193,789.0114224,237.0653076
01 01 2018 10:00,881.0620728,6.666657925,872.7396259,235.6674957
01 01 2018 10:10,663.703125,6.16287899,680.3278917,229.3296967
01 01 2018 10:20,578.2615967,6.013167858,628.4425608,234.9006042
01 01 2018 10:30,465.6200867,5.561203003,486.7795676,230.4228058
01 01 2018 10:40,311.0509033,4.960731983,326.4110254,229.5375061
01 01 2018 10:50,230.0554962,4.60387516,244.3162442,231.7984924
01 01 2018 11:00,233.9906006,4.554533958,233.6327805,234.1056061
01 01 2018 11:10,175.5921936,4.26362896,173.5736631,228.7767029
01 01 2018 11:20,118.1331024,3.894139051,108.5712211,227.9389954
01 01 2018 11:30,142.2024994,4.038761139,130.2299896,224.4649963
01 01 2018 11:40,212.5661926,4.505650997,223.1967841,224.9505005
01 01 2018 11:50,222.6100006,4.543397903,231.2425073,229.127594
01 01 2018 12:00,194.1811981,4.323760986,185.5984796,227.0399933
01 01 2018 12:10,82.64074707,3.634437084,68.5028198,230.3146057
01 01 2018 12:20,75.8952179,3.705512047,78.39616535,233.9532928
01 01 2018 12:30,41.94723892,3.253968,29.28695563,233.0659027
01 01 2018 12:40,118.5345993,3.775136948,88.87136533,227.7534943
01 01 2018 12:50,250.7559052,4.693500996,264.1192574,229.8966064
01 01 2018 13:00,346.8644104,5.002939224,336.7219982,235.2794952
01 01 2018 13:10,416.4179077,5.364749908,430.921089,235.5852966
01 01 2018 13:20,331.9414978,5.016181946,339.9849402,229.9429016
01 01 2018 13:30,583.4799194,5.970407963,615.0556308,235.6952972
01 01 2018 13:40,776.5526733,6.655520916,868.1808449,241.4573975
01 01 2018 13:50,752.7263794,6.600903988,846.0294095,242.7821045
01 01 2018 14:00,589.0731201,5.981378078,618.7314427,234.9844055
01 01 2018 14:10,1109.128052,7.424593925,1219.199787,235.1472931
01 01 2018 14:20,1482.459961,8.186451912,1638.508909,238.4790955
01 01 2018 14:30,1523.430054,8.27493,1691.147039,237.0332031
01 01 2018 14:40,1572.170044,8.449202538,1796.76309,238.3323975
01 01 2018 14:50,1698.939941,8.575974464,1875.047197,235.6414032
01 01 2018 15:00,1616.845947,8.282259941,1695.538777,236.4613953
01 01 2018 15:10,1796.823975,8.734552383,1974.4758,234.3547974
01 01 2018 15:20,1885.860962,8.764103889,1993.170712,231.0016022
01 01 2018 15:30,2327.511963,9.669431686,2568.827129,227.6000977
01 01 2018 15:40,2499.162109,10.14109039,2876.753616,227.7315979
01 01 2018 15:50,2820.512939,10.77241993,3186.029883,225.2763977
01 01 2018 16:00,2812.279053,10.64752007,3133.259224,224.680603
01 01 2018 16:10,2530.447021,9.982661247,2781.274041,225.5195007
01 01 2018 16:20,2399.121094,9.874385834,2711.492458,227.2738037
01 01 2018 16:30,2335.587891,9.785479546,2651.341009,229.2554932
01 01 2018 16:40,2341.133057,9.614232063,2527.945451,230.7368927
01 01 2018 16:50,2391.8479,9.618504524,2531.14794,229.490799
01 01 2018 17:00,2118.389893,9.098683357,2207.79282,223.960907
01 01 2018 17:10,1866.845947,8.677425385,1938.478601,219.7937012
01 01 2018 17:20,1865.619019,8.774898529,2000.011716,219.0449066
01 01 2018 17:30,1862.447998,8.689981461,1946.373955,215.3352051
01 01 2018 17:40,1884.119019,8.631073952,1909.416256,216.2799988
01 01 2018 17:50,1855.776978,8.614569664,1899.100734,214.5290985
01 01 2018 18:00,1958.133057,9.21884346,2285.917032,212.1799011
01 01 2018 18:10,2228.24292,10.04951954,2822.50949,210.3085938
01 01 2018 18:20,2529.291016,10.31871033,2974.866796,210.5881042
01 01 2018 18:30,2788.25708,10.76675987,3183.72246,207.4813995
01 01 2018 18:40,2692.929932,10.55825043,3093.110672,208.5518951
01 01 2018 18:50,2535.353027,10.25072002,2938.394607,208.0106964
01 01 2018 19:00,2584.665039,10.46477032,3048.823833,205.7528992
01 01 2018 19:10,2960.183105,11.39078045,3393.645541,200.6542969
01 01 2018 19:20,3062.978027,11.56554031,3437.597135,198.1242981
01 01 2018 19:30,3024.39209,11.2802496,3362.668742,198.5381927
01 01 2018 19:40,3187.9729,11.33677959,3378.826271,200.4904022
01 01 2018 19:50,3387.228027,11.80463982,3488.248491,199.2469025
01 01 2018 20:00,3209.018066,11.3635397,3386.244486,199.8054962
01 01 2018 20:10,3272.665039,11.63259029,3452.881108,198.2677002
01 01 2018 20:20,3209.698975,11.44476032,3407.867876,195.6320038
01 01 2018 20:30,3134.518066,11.27190018,3360.225775,196.6611023
01 01 2018 20:40,2977.824951,11.05900955,3292.880925,196.5158997
01 01 2018 20:50,3431.772949,12.10377979,3537.173706,198.2570038
01 01 2018 21:00,3604.209961,12.92813969,3597.469467,201.5825958
01 01 2018 21:10,3601.327881,13.31941986,3600,201.9421997
01 01 2018 21:20,3604.426025,13.12152004,3600,203.5077972
01 01 2018 21:30,3604.391113,13.23544979,3600,202.6929932
01 01 2018 21:40,3604.337891,13.23589993,3600,202.9362946
01 01 2018 21:50,3554.687988,13.02956009,3600,201.2539063
01 01 2018 22:00,3479.407959,12.96393967,3597.794635,201.3408966
01 01 2018 22:10,3472.333008,12.90295029,3597.13106,200.9795074
01 01 2018 22:20,3491.510986,12.76634026,3593.704942,200.9960022
01 01 2018 22:30,3536.989014,12.89834976,3597.059449,200.5142059
01 01 2018 22:40,3528.658936,12.74211025,3592.814313,202.8952942
01 01 2018 22:50,3581.540039,12.31826019,3562.990095,202.841095
01 01 2018 23:00,3570.079102,12.41880989,3572.556143,202.4118042
01 01 2018 23:10,3597.604004,12.54298973,3582.204643,201.6253052
01 01 2018 23:20,3441.025879,12.67599964,3589.945634,199.3220978
01 01 2018 23:30,3373.969971,13.00304985,3600,197.1307068
01 01 2018 23:40,3369.812988,13.29767036,3600,196.4936066
01 01 2018 23:50,3375.903076,12.84405994,3595.984792,195.3150024
02 01 2018 00:00,3377.649902,12.70538998,3591.300461,196.0422058
02 01 2018 00:10,3374.423096,12.1833601,3547.627655,197.7438965
02 01 2018 00:20,3401.081055,12.20514011,3550.307222,196.8088074
02 01 2018 00:30,3469.412109,12.60188007,3585.959181,193.8157043
02 01 2018 00:40,3511.809082,12.84455013,3595.996394,194.3466034
02 01 2018 00:50,3536.759033,12.49705982,3578.911555,196.009201
02 01 2018 01:00,3467.808105,12.09607029,3536.105139,197.9526978
02 01 2018 01:10,3460.677002,12.19612026,3549.206917,201.330307
02 01 2018 01:20,3589.443115,12.55035019,3582.702554,201.1882019
02 01 2018 01:30,3527.718994,12.6156702,3586.762967,202.6235962
02 01 2018 01:40,3561.26709,13.10278034,3600,201.7666016
02 01 2018 01:50,3604.068115,13.68774986,3600,199.0195007
02 01 2018 02:00,3604.176025,14.10241985,3600,196.2552032
02 01 2018 02:10,3593.200928,14.39330959,3600,195.8798981
02 01 2018 02:20,3493.821045,14.07954979,3600,197.6403046
02 01 2018 02:30,3470.701904,14.05440044,3600,197.2447968
02 01 2018 02:40,3436.610107,13.51247025,3600,195.9954071
02 01 2018 02:50,3401.455078,13.71004963,3600,192.4197998
02 01 2018 03:00,3395.23291,13.7423296,3600,191.0137024
02 01 2018 03:10,3417.503906,13.14186001,3600,192.2046967
02 01 2018 03:20,3465.108887,12.86771011,3596.50506,192.771698
02 01 2018 03:30,3467.417969,12.84727001,3596.060138,192.4705048
02 01 2018 03:40,3522.406982,12.73211002,3592.421666,192.5679016
02 01 2018 03:50,3510.10791,12.51620007,3580.322941,194.9992065
02 01 2018 04:00,3513.844971,12.59866047,3585.767414,196.0422974
02 01 2018 04:10,3564.008057,13.23031998,3600,196.4087982
02 01 2018 04:20,3475.278076,13.0946703,3600,198.5249939
02 01 2018 04:30,3561.990967,12.91687965,3597.329407,198.0101013
02 01 2018 04:40,3521.554932,12.63354969,3587.762741,197.6634979
02 01 2018 04:50,3493.60791,12.82567024,3595.524457,201.1040955
02 01 2018 05:00,3555.304932,12.54162025,3582.111096,200.3634033
02 01 2018 05:10,3377.12793,12.10496998,3537.337786,196.9826965
02 01 2018 05:20,3479.626953,12.36250019,3567.394707,199.798996
02 01 2018 05:30,3539.112061,12.60391045,3586.079315,201.2702942
02 01 2018 05:40,3430.436035,12.21222019,3551.161616,198.9846039
02 01 2018 05:50,3301.917969,11.98762035,3520.011831,202.5711975
02 01 2018 06:00,3235.543945,11.67932987,3463.031603,200.7035065
02 01 2018 06:10,3519.022949,12.46971989,3576.798254,197.8733978
02 01 2018 06:20,3469.537109,12.49489975,3578.748756,201.1011047
02 01 2018 06:30,3296.186035,11.78983021,3485.417643,200.3565979
02 01 2018 06:40,3045.51001,10.90355015,3237.314957,199.4629059
02 01 2018 06:50,3444.741943,12.18807983,3548.214895,202.7460022
02 01 2018 07:00,3417.746094,11.97813034,3518.508247,199.4022064
02 01 2018 07:10,2807.613037,10.67446995,3144.977295,197.2297058
02 01 2018 07:20,2493.393066,9.69664669,2588.59196,200.3191986
02 01 2018 07:30,3215.196045,11.41759014,3400.782508,200.488205
02 01 2018 07:40,3589.590088,12.68927002,3590.573175,199.5281067
02 01 2018 07:50,3599.149902,13.05860043,3600,200.6078033
02 01 2018 08:00,3375.177002,11.52081966,3426.922472,195.8547058
02 01 2018 08:10,3346.980957,11.51231003,3424.84719,197.7467041
02 01 2018 08:20,3567.967041,12.41629982,3572.336603,199.1638031
02 01 2018 08:30,3519.264893,12.16014957,3544.686608,198.3968964
02 01 2018 08:40,3485.191895,11.67107964,3461.269666,194.6569977
02 01 2018 08:50,3145.562988,11.14585972,3321.545696,195.8325043
02 01 2018 09:00,2978.310059,10.77289963,3186.225079,193.1703949
02 01 2018 09:10,3179.008057,10.92975998,3247.07462,195.0997009
02 01 2018 09:20,3461.581055,12.14006042,3542.069502,198.2947998
02 01 2018 09:30,3082.549072,11.19556046,3337.205225,200.7570038
02 01 2018 09:40,3493.657959,12.94869041,3597.678446,204.0805969
02 01 2018 09:50,3601.045898,14.87942982,3600,197.5942993
02 01 2018 10:00,3597.564941,15.12405968,3600,196.3455963
02 01 2018 10:10,3602.172119,16.29367065,3600,196.8367004
02 01 2018 10:20,3601.99292,16.12397957,3600,192.2306061
02 01 2018 10:30,3600.791016,15.27460003,3600,190.949295
02 01 2018 10:40,3590.75,13.56672001,3600,192.9456024
02 01 2018 10:50,3601.845947,15.36779976,3600,194.7528076
02 01 2018 11:00,3601.870117,15.86174965,3600,195.0402985
02 01 2018 11:10,3591.655029,14.92051029,3600,197.9895935
02 01 2018 11:20,3579.024902,13.60853004,3600,201.4945068
02 01 2018 11:30,3598.131104,14.46385956,3600,200.4884033
02 01 2018 11:40,3525.333008,12.68828964,3590.527705,202.2259979
02 01 2018 11:50,3560.699951,13.55690002,3600,202.153595
02 01 2018 12:00,3537.676025,13.32281017,3600,203.2893982
02 01 2018 12:10,3491.291016,12.60700989,3586.261512,201.0937042
02 01 2018 12:20,3530.766113,12.31476021,3562.628404,197.5440979
02 01 2018 12:30,2915.839111,10.3801899,3006.71767,200.9197998
02 01 2018 12:40,2178.658936,9.11702919,2219.691985,201.0245056
02 01 2018 12:50,2244.412109,9.253190994,2308.322526,198.9759979
02 01 2018 13:00,1278.89502,9.072306633,2190.704763,198.2364044
02 01 2018 13:10,2832.934082,10.34463024,2988.424599,196.6472015
02 01 2018 13:20,3205.9729,11.10330963,3307.71074,200.1464996
02 01 2018 13:30,3149.284912,11.06910992,3296.300642,198.8968048
02 01 2018 13:40,3273.656006,11.32581043,3375.742901,201.1446075
02 01 2018 13:50,3114.099121,11.01513958,3277.761152,204.9272003
02 01 2018 14:00,3111.060059,10.90725994,3238.706158,204.813797
02 01 2018 14:10,3361.011963,11.76941013,3481.44923,209.778595
02 01 2018 14:20,3421.419922,11.87483025,3501.130346,209.6006012
02 01 2018 14:30,3520.148926,12.16926003,3545.851555,208.3181
02 01 2018 14:40,3589.427002,12.82061958,3595.389466,211.1817932
02 01 2018 14:50,3495.115967,12.57161999,3584.095307,209.4647064
02 01 2018 15:00,3298.761963,11.39929962,3395.929165,205.625
02 01 2018 15:10,2894.440918,10.54543018,3087.174334,200.6107025
02 01 2018 15:20,3486.628906,12.30932999,3562.063389,202.0561981
02 01 2018 15:30,3455.24707,12.1683197,3545.731948,203.7207031
02 01 2018 15:40,3556.785889,12.28707981,3559.699203,204.6085968
02 01 2018 15:50,3375.582031,12.01319027,3523.986209,201.7415009
02 01 2018 16:00,3493.979004,12.21352959,3551.318734,201.7156067
02 01 2018 16:10,3549.147949,12.93774033,3597.57459,199.9685059
02 01 2018 16:20,3483.315918,13.66942024,3600,203.870697
02 01 2018 16:30,3589.858887,13.69785976,3600,204.8023071
02 01 2018 16:40,3584.235107,12.75835991,3593.421089,202.6508026
02 01 2018 16:50,3599.008057,12.76517963,3593.664238,201.2570953
02 01 2018 17:00,3602.637939,13.07721996,3600,203.4407043
02 01 2018 17:10,3550.563965,12.59340954,3585.451317,205.1535034
02 01 2018 17:20,3552.782959,12.51366997,3580.139581,205.008194
02 01 2018 17:30,3585.010986,12.53439999,3581.613183,204.1203003
02 01 2018 17:40,3421.176025,11.96442986,3516.3102,201.9989014
02 01 2018 17:50,3406.040039,11.94577026,3513.264349,194.3786926
02 01 2018 18:00,3515.610107,12.20707989,3550.542117,189.5238037
02 01 2018 18:10,3515.965088,12.2751503,3558.399068,190.5794983
02 01 2018 18:20,3475.418945,12.72264004,3592.036307,187.6125031
02 01 2018 18:30,3471.156982,12.26537037,3557.31619,189.4371948
02 01 2018 18:40,3281.754883,11.70368958,3468.159913,192.2619019
02 01 2018 18:50,2955.11499,10.96352959,3259.412905,190.4571991
02 01 2018 19:00,3061.735107,11.29796982,3367.805139,192.8582001
02 01 2018 19:10,2679.110107,10.66594982,3141.292611,194.0843964
02 01 2018 19:20,2721.081055,10.8332901,3210.350601,195.2017975
02 01 2018 19:30,2649.136963,10.57837009,3102.339998,195.3432007
02 01 2018 19:40,2707.74292,10.38854027,3010.962279,201.797699
02 01 2018 19:50,2508.832031,10.08041954,2841.099422,204.2073975
02 01 2018 20:00,2316.647949,9.838738441,2687.688082,199.747406
02 01 2018 20:10,3081.542969,11.43999958,3406.637064,200.2402954
02 01 2018 20:20,3397.638916,11.94402981,3512.977172,201.1663971
02 01 2018 20:30,3391.716064,11.85929012,3498.353994,201.7106018
02 01 2018 20:40,3587.510986,12.81147957,3595.135782,201.3484955
02 01 2018 20:50,3603.112061,12.91353989,3597.284381,201.6768951
02 01 2018 21:00,3591.093018,12.72832012,3592.269026,202.4132996
02 01 2018 21:10,3221.044922,11.66357994,3459.656972,202.6618958
02 01 2018 21:20,2887.733887,11.0952301,3305.038612,204.061203
02 01 2018 21:30,2364.534912,10.16094971,2888.183469,203.3379059
02 01 2018 21:40,1935.847046,9.202415466,2275.211448,197.8013
02 01 2018 21:50,1549.480957,8.539284706,1852.273851,195.5061035
02 01 2018 22:00,1625.755981,8.809141159,2021.754239,187.4846039
02 01 2018 22:10,1994.222046,9.608460426,2523.60898,188.0238953
02 01 2018 22:20,2362,9.844923973,2691.848533,190.6604004
02 01 2018 22:30,2097.771973,9.338670731,2364.198743,196.7335968
02 01 2018 22:40,1564.590942,8.424916267,1781.899877,197.0158997
02 01 2018 22:50,1107.474976,7.656233788,1339.713949,188.6903992
02 01 2018 23:00,1303.116943,8.144581795,1613.847713,181.6596069
02 01 2018 23:10,1561.182007,8.54713726,1857.140175,173.5366974
02 01 2018 23:20,1544.999023,8.381804466,1755.627598,171.3834076
02 01 2018 23:30,1456.738037,7.850449085,1445.553534,179.8197937
02 01 2018 23:40,1795.644043,8.656551361,1925.374082,188.2382965
02 01 2018 23:50,2773.291016,10.92311954,3244.617174,179.039093
03 01 2018 00:00,2782.568115,10.4051199,3019.332696,176.9255981
03 01 2018 00:10,2446.424072,9.498130798,2468.761378,174.677002
03 01 2018 00:20,3412.39209,11.93025017,3510.684928,180.6725006
03 01 2018 00:30,3255.337891,11.07629013,3298.717792,183.8755035
03 01 2018 00:40,2796.876953,10.45788002,3045.466801,192.1911011
03 01 2018 00:50,2467.954102,9.791149139,2655.255241,197.104599
03 01 2018 01:00,1278.886963,7.626486778,1323.911052,202.940506
03 01 2018 01:10,1042.537964,7.287635803,1150.913828,207.3871002
03 01 2018 01:20,609.0761719,6.228209019,703.7205269,216.9989014
03 01 2018 01:30,175.4407043,4.47162199,216.0170723,222.5090942
03 01 2018 01:40,112.1109009,4.127829075,147.1041396,215.4514008
03 01 2018 01:50,271.9171143,5.032844067,344.1094784,202.5102997
03 01 2018 02:00,737.4487915,6.267045021,717.8434981,211.2003021
03 01 2018 02:10,1375.579956,7.763337135,1397.52319,193.6107025
03 01 2018 02:20,1520.890015,8.21955204,1658.119112,172.135498
03 01 2018 02:30,1349.112061,7.974888802,1515.649475,168.3569031
03 01 2018 02:40,889.1298218,6.794364929,926.0444806,171.1295013
03 01 2018 02:50,412.115509,5.536108017,479.4472407,162.7037964
03 01 2018 03:00,444.6036072,5.491714954,466.6197137,150.2816925
03 01 2018 03:10,655.7307129,6.076754093,650.187023,149.6408997
03 01 2018 03:20,882.5654297,6.69093895,882.7282325,152.2225037
03 01 2018 03:30,998.3845825,6.848011971,949.0116113,157.1643066
03 01 2018 03:40,1193.395996,7.759384155,1395.364787,152.699707
03 01 2018 03:50,1122.712036,7.417626858,1215.659509,152.076004
03 01 2018 04:00,1214.125977,7.472226143,1243.600054,154.7837982
03 01 2018 04:10,1086.307007,7.080772877,1052.768027,160.2183075
03 01 2018 04:20,1060.603027,7.053721905,1040.356847,165.8153992
03 01 2018 04:30,1451.713989,7.766314983,1399.150382,170.8444977
03 01 2018 04:40,1361.459961,7.833246231,1435.998878,173.0240936
03 01 2018 04:50,1490.569946,7.959300995,1506.776853,173.9763947
03 01 2018 05:00,1153.139038,7.283742905,1149.012424,176.7931976
03 01 2018 05:10,953.9760132,7.001252174,1016.552582,178.0930023
03 01 2018 05:20,799.0856934,6.758135796,910.7282546,174.0330048
03 01 2018 05:30,616.2548218,6.179992199,686.4114027,167.9960022
03 01 2018 05:40,646.9244995,6.301719189,730.5901706,168.8119965
03 01 2018 05:50,1323.682007,7.517776966,1267.134969,184.7017975
03 01 2018 06:00,1568.885986,8.094202995,1584.395551,194.0092926
03 01 2018 06:10,1580.902954,7.854953766,1448.061049,197.8014984
03 01 2018 06:20,1495.180054,7.719468117,1373.675076,191.2086945
03 01 2018 06:30,2063.868896,8.847901344,2046.438946,195.0639038
03 01 2018 06:40,2368.76001,9.631019592,2540.491731,198.074707
03 01 2018 06:50,2516.419922,9.767664909,2638.971731,191.838501
03 01 2018 07:00,2108.770996,9.185004234,2263.873095,190.0070038
03 01 2018 07:10,2568.111084,9.927650452,2746.29034,179.3226929
03 01 2018 07:20,3445.219971,12.03275967,3526.952507,175.9355011
03 01 2018 07:30,2994.106934,10.87308979,3225.769174,180.7583008
03 01 2018 07:40,2594.937012,10.38061047,3006.931915,177.4212036
03 01 2018 07:50,2326.825928,10.34302044,2987.588083,164.6313934
03 01 2018 08:00,1941.463989,9.283791542,2328.307526,157.3659973
03 01 2018 08:10,1581.487061,8.263951302,1684.577838,151.1777039
03 01 2018 08:20,1013.286987,7.161077023,1090.179344,144.4230042
03 01 2018 08:30,375.6176147,5.502151966,469.6191644,145.3318024
03 01 2018 08:40,198.1511993,4.645584106,253.4672425,155.7653046
03 01 2018 08:50,87.44045258,3.847867012,100.642022,162.271698
03 01 2018 09:00,189.1378021,4.553710938,233.4558636,148.0536041
03 01 2018 09:10,434.4317932,5.735952854,539.5070619,136.6712036
03 01 2018 09:20,336.5007935,5.057969093,350.3694191,139.4640045
03 01 2018 09:30,296.6101074,4.922440052,317.1718028,141.7938995
03 01 2018 09:40,92.9240036,3.821350098,96.25248176,148.5747986
03 01 2018 09:50,85.70230103,3.580841064,61.57702143,165.8957062
03 01 2018 10:00,309.5114136,4.716145039,269.2057367,187.6051941
03 01 2018 10:10,381.1726074,5.080855846,356.114453,188.4362946
03 01 2018 10:20,417.2662964,5.343267918,425.0226087,202.2389984
03 01 2018 10:30,446.343811,5.452712059,455.4989836,201.0330963
03 01 2018 10:40,206.6020966,4.29698801,180.2207304,191.4851074
03 01 2018 10:50,251.3757019,4.736260891,273.7530825,183.4333954
03 01 2018 11:00,275.0136108,4.780562878,283.8646662,187.9405975
03 01 2018 11:10,314.2744141,4.894141197,310.4131199,180.8480072
03 01 2018 11:20,238.7823029,4.487487793,219.355975,185.8578033
03 01 2018 11:30,409.0264893,5.314783096,417.2631565,180.8168945
03 01 2018 11:40,506.4703064,5.711400986,531.9193571,186.1788025
03 01 2018 11:50,427.9566956,5.374886036,433.7182755,196.3742065
03 01 2018 12:00,952.2675781,6.895505905,969.6346499,193.9367065
03 01 2018 12:10,1019.905029,7.240921021,1128.237686,187.7236023
03 01 2018 12:20,1015.357971,6.709988117,890.6123118,185.273407
03 01 2018 12:30,979.7229004,6.851963043,950.7168123,183.7971039
03 01 2018 12:40,379.4078979,5.078312874,355.4740901,185.1383972
03 01 2018 12:50,841.5977783,6.521288872,814.34348,189.263504
03 01 2018 13:00,672.6187744,6.171179771,683.2747912,189.2765045
03 01 2018 13:10,452.0786133,5.449243069,454.5165791,190.636795
03 01 2018 13:20,558.9979248,5.851128101,575.9105762,196.9326935
03 01 2018 13:30,331.7192993,5.094088078,359.454764,193.4658051
03 01 2018 13:40,212.1006927,4.598594189,243.1654974,197.9337006
03 01 2018 13:50,79.72102356,3.629702091,67.87244481,199.7156067
03 01 2018 14:00,183.0128021,4.472650051,216.232972,205.3706055
03 01 2018 14:10,279.1960144,4.918616772,316.2552558,204.3323059
03 01 2018 14:20,460.2166138,5.625835896,505.9378767,209.3771057
03 01 2018 14:30,647.7111206,6.316774845,736.1652234,211.6537018
03 01 2018 14:40,685.0780029,6.237164974,706.9630418,212.0509033
03 01 2018 14:50,709.8339844,6.449378014,786.3313199,211.607605
03 01 2018 15:00,493.3555908,5.782717228,554.1258994,212.3511047
03 01 2018 15:10,366.0793152,5.346119881,425.803377,216.8318024
03 01 2018 15:20,183.0379028,4.379333019,196.8860292,220.0410004
03 01 2018 15:30,7.347679138,3.011370897,16.3742125,238.6905975
03 01 2018 15:40,0,3.743307114,83.98626485,245.0682068
03 01 2018 15:50,12.34420013,3.24625206,28.73127208,238.0765076
03 01 2018 16:00,-0.393067598,2.185888052,0,238.4102936
03 01 2018 16:10,0,2.142015934,0,234.7624054
03 01 2018 16:20,0,2.501405954,0,223.3088074
03 01 2018 16:30,0,2.668577909,0,226.0516968
03 01 2018 16:40,0,3.034003019,17.18059304,221.0865021
03 01 2018 16:50,0,3.197354078,25.43122108,232.6795959
03 01 2018 17:00,0,3.907810926,110.9796039,241.9730988
03 01 2018 17:10,65.98790741,3.801294088,93.00718811,221.5258942
03 01 2018 17:20,157.8495026,4.43715477,208.8146524,225.1553955
03 01 2018 17:30,50.42205048,3.677906036,74.4575207,220.4692993
03 01 2018 17:40,88.1881485,4.115369797,144.7212631,222.5281067
03 01 2018 17:50,242.3132935,4.987364769,332.9015993,220.7682037
03 01 2018 18:00,262.8019104,4.871101856,304.9535561,222.9488983
03 01 2018 18:10,584.6671143,5.921298981,598.7577677,212.7292938
03 01 2018 18:20,298.586792,5.030583858,343.5487361,216.0464935
03 01 2018 18:30,279.7724915,4.997858047,335.4735677,206.8820038
03 01 2018 18:40,823.4796143,6.434377193,780.5598676,208.842804
03 01 2018 18:50,883.265625,6.996636868,1014.475559,212.2098999
03 01 2018 19:00,1155.17395,7.625429153,1323.35127,205.5773926
03 01 2018 19:10,1400.389038,8.103025436,1589.535548,198.4824066
03 01 2018 19:20,1205.10498,7.518618107,1267.568261,207.7772064
03 01 2018 19:30,1292.051025,7.688251019,1356.847422,199.1479034
03 01 2018 19:40,1856.177002,8.459005356,1802.775046,192.9795074
03 01 2018 19:50,1928.175049,9.077300072,2193.93789,194.6878967
03 01 2018 20:00,1604.427002,8.439414978,1790.767706,196.0083008
03 01 2018 20:10,1599.995972,7.987431049,1522.807198,203.3475037
03 01 2018 20:20,1456.094971,7.939982891,1495.816905,209.9878998
03 01 2018 20:30,1386.623047,7.719861984,1373.888155,213.6096039
03 01 2018 20:40,1460.360962,7.774147034,1403.435097,214.1114044
03 01 2018 20:50,1894.795044,8.582259178,1878.957276,210.4824066
03 01 2018 21:00,1760.422974,8.339191437,1729.804577,212.0424042
03 01 2018 21:10,2010.977051,9.083572388,2198.000295,214.585495
03 01 2018 21:20,1828.81604,8.675281525,1937.131478,211.3721008
03 01 2018 21:30,1960.692993,9.150783539,2241.613462,208.8197937
03 01 2018 21:40,1900.447998,9.191649437,2268.199522,204.3585052
03 01 2018 21:50,1549.958008,8.260289192,1682.388913,201.8890991
03 01 2018 22:00,1692.688965,8.48968792,1821.638384,194.9138947
03 01 2018 22:10,1931.083984,8.78850174,2008.641646,194.1036072
03 01 2018 22:20,2060.147949,8.9564991,2115.986258,193.3457947
03 01 2018 22:30,2069.625,9.095618248,2205.805875,195.2973938
03 01 2018 22:40,2037.266968,8.725904465,1969.014282,199.5845032
03 01 2018 22:50,1594.845947,8.112092018,1594.82568,197.5211029
03 01 2018 23:00,994.5827026,6.856678963,952.7545786,200.4409943
03 01 2018 23:10,1137.285034,7.279873848,1147.124788,200.8896942
03 01 2018 23:20,1267.858032,7.534298897,1275.663238,199.7960968
03 01 2018 23:30,1002.463013,6.945837021,991.791762,196.680603
03 01 2018 23:40,1172.348022,7.085527897,1054.959522,199.6690063
03 01 2018 23:50,1252.139038,7.406904221,1210.225036,197.4501953
04 01 2018 00:00,1121.166992,6.934106827,986.5997761,196.3952026
04 01 2018 00:10,1183.020996,7.151297092,1085.577233,194.0278931
04 01 2018 00:20,932.3084106,6.571721077,834.3322217,191.2942047
04 01 2018 00:30,989.5076904,6.759712219,911.3914755,190.1013947
04 01 2018 00:40,750.5510254,6.414824963,773.0743738,185.5180969
04 01 2018 00:50,825.7661743,6.523455143,815.1962332,187.6056976
04 01 2018 01:00,1116.487061,7.062949181,1044.579697,192.7353973
04 01 2018 01:10,986.7598877,6.692947865,883.5576994,196.0746002
04 01 2018 01:20,1018.14502,6.809185982,932.3551445,194.8430023
04 01 2018 01:30,659.1777954,6.096306801,656.9602747,192.4667969
04 01 2018 01:40,729.4874268,6.142684937,673.1894828,190.7617035
04 01 2018 01:50,864.5026245,6.430369854,779.022258,194.5778046
04 01 2018 02:00,1342.239014,7.538290977,1277.729355,197.9828033
04 01 2018 02:10,1279.098022,7.363255978,1188.27897,197.254303
04 01 2018 02:20,1351.391968,7.46066618,1237.646646,201.2154999
04 01 2018 02:30,1039.727051,7.031758785,1030.349722,199.337204
04 01 2018 02:40,876.0166016,6.874794006,960.6072518,194.1508026
04 01 2018 02:50,754.0079956,6.345135212,746.7335706,196.0812073
04 01 2018 03:00,1122.334961,7.185342789,1101.653759,198.135498
04 01 2018 03:10,907.7965698,6.635414124,859.9864071,199.4308014
04 01 2018 03:20,1009.737,6.927267075,983.5802763,194.1383057
04 01 2018 03:30,1806.98999,8.333586693,1726.419178,193.2097015
04 01 2018 03:40,2374.843994,9.532950401,2465.780065,191.9416962
04 01 2018 03:50,1779.208984,8.42602253,1782.575933,189.827301
04 01 2018 04:00,1334.980957,7.494080067,1254.910872,192.1376038
04 01 2018 04:10,1562.947021,8.009915352,1535.679929,192.0973053
04 01 2018 04:20,1562.116943,7.944521904,1498.388472,194.2440033
04 01 2018 04:30,1464.977051,7.72806406,1378.329691,200.2335968
04 01 2018 04:40,1312.358032,7.462277889,1238.475456,205.0283966
04 01 2018 04:50,767.0369873,6.420166969,775.1153796,200.6712952
04 01 2018 05:00,283.2593079,4.7484622,276.5245875,201.9185028
04 01 2018 05:10,687.1071777,6.264211178,716.8074668,208.1761017
04 01 2018 05:20,465.7536011,5.50088501,469.2545248,200.7915955
04 01 2018 05:30,355.6220093,5.27207613,405.760119,208.0086975
04 01 2018 05:40,467.8251953,5.701906204,529.0010043,217.7465057
04 01 2018 05:50,865.3469849,6.579235077,837.3348199,212.3013
04 01 2018 06:00,1512.972046,7.678398132,1351.561187,208.9172974
04 01 2018 06:10,1491.698975,7.89579916,1470.901705,217.2373962
04 01 2018 06:20,2004.44104,8.964849472,2121.355873,221.3515015
04 01 2018 06:30,1581.483032,8.083142281,1577.962305,219.8023987
04 01 2018 06:40,1431.620972,7.799798965,1417.519324,214.5469971
04 01 2018 06:50,1523.792969,7.978303909,1517.596799,216.9134064
04 01 2018 07:00,1693.270996,8.155491829,1620.257833,215.3661041
04 01 2018 07:10,1775.037964,8.248645782,1675.437185,211.0007935
04 01 2018 07:20,1875.410034,8.495847702,1825.433662,210.1282959
04 01 2018 07:30,1558.057983,7.96182394,1508.211169,208.8327026
04 01 2018 07:40,1811.088989,8.35203743,1737.573598,204.2586975
04 01 2018 07:50,1686.125977,8.135239601,1608.367728,198.5278015
04 01 2018 08:00,2362.262939,9.599003792,2516.478296,198.7720032
04 01 2018 08:10,2000.86499,8.982050896,2132.426304,197.4006958
04 01 2018 08:20,1169.964966,7.2846632,1149.461729,189.5783997
04 01 2018 08:30,1309.223999,7.521474838,1269.040544,182.8565979
04 01 2018 08:40,759.0145264,6.215313911,699.0669586,186.8215027
04 01 2018 08:50,498.1903076,5.501014233,469.2917094,195.8029938
04 01 2018 09:00,332.4820862,5.106607914,362.6279759,195.1764069
04 01 2018 09:10,253.5845032,4.649808884,254.4003993,191.6334991
04 01 2018 09:20,180.4122925,4.374350071,195.8669199,206.2425995
04 01 2018 09:30,258.3656921,4.833168983,296.0476529,196.2194977
04 01 2018 09:40,133.0052948,4.907478809,313.5912843,187.0084991
04 01 2018 12:40,0,2.888112068,0,0
04 01 2018 12:50,0,2.386636019,0,139.2751007
04 01 2018 13:00,0,2.476815939,0,153.8556061
04 01 2018 13:10,0,1.77384305,0,144.0395966
04 01 2018 13:20,0,2.48486495,0,142.8634033
04 01 2018 13:30,0,2.764512062,0,133.9111023
04 01 2018 13:40,0,2.5070889,0,103.2738037
04 01 2018 13:50,0,3.441704035,45.74272546,79.09410858
04 01 2018 14:00,0,2.484878063,0,106.4503021
04 01 2018 14:10,0,2.436743021,0,102.7186966
04 01 2018 14:20,0,2.359375954,0,107.3701019
04 01 2018 14:30,0,3.021173,16.71339969,94.58883667
04 01 2018 14:40,0,3.395319939,41.15246635,97.73842621
04 01 2018 14:50,0,3.413508892,42.91145285,101.6998978
04 01 2018 15:00,0,5.160031796,376.3091657,81.87310028
04 01 2018 15:10,0,5.161472797,376.6813732,62.48146057
04 01 2018 15:20,0,5.414981842,444.8721366,61.62747955
04 01 2018 15:30,0,6.778621197,919.3695705,67.9675827
04 01 2018 15:40,0,4.436894894,208.7606108,0
04 01 2018 15:50,210.7194977,5.013915062,339.4254412,50.42341995
04 01 2018 16:00,338.6500854,5.274309158,406.3577312,47.2641716
04 01 2018 16:10,518.5518188,5.915596962,596.8819872,43.18653107
04 01 2018 16:20,504.067688,5.858211994,578.1937936,42.6594696
04 01 2018 16:30,446.7330017,5.650877953,513.468126,52.86571121
04 01 2018 16:40,705.7045288,6.349774837,748.4708008,53.7215004
04 01 2018 16:50,795.3168945,6.636434078,860.4009723,53.08805084
04 01 2018 17:00,1012.676025,7.010248184,1020.608833,52.78892899
04 01 2018 17:10,1240.823975,7.559226036,1288.599129,55.33359909
04 01 2018 17:20,1282.074951,7.404004097,1208.758132,51.70399094
04 01 2018 17:30,941.5869141,6.80051899,928.6616421,53.39633179
04 01 2018 17:40,590.8366699,5.82537508,567.653659,45.68770981
04 01 2018 17:50,650.5629272,6.080101967,651.3438616,45.51879883
04 01 2018 18:00,871.5112305,6.582440853,838.6177863,40.36516953
04 01 2018 18:10,914.1212158,6.643204212,863.1557364,46.86555862
04 01 2018 18:20,835.84198,6.345364094,746.8192169,38.58917999
04 01 2018 18:30,624.9906006,6.042553902,638.4379438,48.70145035
04 01 2018 18:40,591.9558716,5.757640839,546.2595924,41.20378113
04 01 2018 18:50,509.3490906,5.694249153,526.6539705,46.98265076
04 01 2018 19:00,1190.81604,7.068666935,1047.201966,33.49834061
04 01 2018 19:10,963.7324829,6.641551018,862.482569,33.8251915
04 01 2018 19:20,980.9760742,6.690164089,882.4084228,27.36738968
04 01 2018 19:30,777.8479004,6.36333704,753.5623423,29.67544937
04 01 2018 19:40,980.223877,6.827414036,940.1524784,40.88489151
04 01 2018 19:50,962.4301758,6.71631813,893.2415095,41.12696838
04 01 2018 20:00,462.7698975,5.415152073,444.919796,41.6153717
04 01 2018 20:10,1139.240967,6.953413963,995.1545635,35.44075012
04 01 2018 20:20,1418.631958,7.42373991,1218.765432,36.21514893
04 01 2018 20:30,1716.139038,8.381437302,1755.404476,39.72340012
04 01 2018 20:40,1312.791016,7.493074894,1254.389015,46.13137817
04 01 2018 20:50,1222.020996,7.380391121,1196.860929,45.09289932
04 01 2018 21:00,703.7221069,6.244694233,709.6956846,42.08800888
04 01 2018 21:10,470.8012085,5.493409157,467.1059234,33.02647018
04 01 2018 21:20,387.34021,5.124141216,367.0928112,30.50971031
04 01 2018 21:30,402.4747925,5.285066128,409.242485,27.65151978
04 01 2018 21:40,460.2911987,5.539794922,480.5208029,28.00427055
04 01 2018 21:50,619.8723755,6.015673161,629.2911153,25.7741394
04 01 2018 22:00,470.2001038,5.59703207,497.3508864,23.50094986
04 01 2018 22:10,691.0140991,6.277314186,721.6050696,23.72624969
04 01 2018 22:20,826.9951782,6.49335289,803.3932558,20.42690086
04 01 2018 22:30,892.4243774,6.786591053,922.7448934,25.21842003
04 01 2018 22:40,907.1884155,6.764401913,913.3662189,30.23693085
04 01 2018 22:50,545.2653198,5.724936962,536.095229,29.67219925
04 01 2018 23:00,688.8358154,6.238166809,707.326293,30.00231934
04 01 2018 23:10,591.9088745,5.945401192,606.7245764,29.64308929
04 01 2018 23:20,660.6942749,6.17223978,683.651641,30.39785957
04 01 2018 23:30,747.4074707,6.351617813,749.1615205,30.28310966
04 01 2018 23:40,1174.243042,7.168983936,1093.909493,18.97281075
04 01 2018 23:50,873.4810181,6.629221916,857.4721041,17.22633934
05 01 2018 00:00,845.2050171,6.55459404,827.511985,12.58047009
05 01 2018 00:10,837.0637207,6.395040989,765.5427556,9.429060936
05 01 2018 00:20,949.4943237,6.797101021,927.2075123,4.961769104
05 01 2018 00:30,1045.36499,6.920464993,980.5831564,358.1897888
05 01 2018 00:40,791.0836182,6.278329849,721.977722,351.8651123
05 01 2018 00:50,994.7495728,6.682812214,879.3775226,2.56614089
05 01 2018 01:00,933.4232178,6.721062183,895.2150304,7.876725197
05 01 2018 01:10,1049.432983,7.131796837,1076.439327,14.10332012
05 01 2018 01:20,671.7241211,6.148598194,675.2752484,20.33539009
05 01 2018 01:30,966.8311768,6.896099091,969.8939666,21.0418396
05 01 2018 01:40,982.2590942,6.926294804,983.1515252,22.93596077
05 01 2018 01:50,825.6619263,6.567954063,832.8293134,33.37145996
05 01 2018 02:00,723.1392212,6.398931026,767.0202867,32.30049896
05 01 2018 02:10,418.6412048,5.446605206,453.7702746,30.16810989
05 01 2018 02:20,327.2762146,5.108693123,363.1576895,27.08235931
05 01 2018 02:30,388.316803,5.232514858,395.2422704,22.60456085
05 01 2018 02:40,167.2218018,4.243929863,169.6759343,30.59626007
05 01 2018 02:50,137.2467957,4.137093067,148.8807431,32.78860855
05 01 2018 03:00,130.7671051,4.160939217,153.4730055,30.18254089
05 01 2018 03:10,117.8118973,4.124106884,146.3914796,31.8532505
05 01 2018 03:20,111.3429031,4.126059055,146.7651643,26.32125092
05 01 2018 03:30,114.2955017,4.204703808,161.9741682,25.67859077
05 01 2018 03:40,143.7870941,4.355268002,191.9770866,27.08256912
05 01 2018 03:50,88.93582916,3.952167034,118.99911,36.21786118
05 01 2018 04:00,183.6699982,4.434104919,208.1806792,29.74682045
05 01 2018 04:10,82.14437866,3.678040981,74.47647719,25.84374046
05 01 2018 04:20,139.9472046,4.063600063,134.8987308,21.24472046
05 01 2018 04:30,434.5010986,5.488460064,465.6863498,17.45406914
05 01 2018 04:40,474.0610962,5.625834942,505.9375911,12.99639034
05 01 2018 04:50,415.1499939,5.394489765,439.1538423,12.51430988
05 01 2018 05:00,435.0263977,5.4572649,456.7899831,12.40832996
05 01 2018 05:10,402.3875122,5.450904846,454.9870522,15.87475014
05 01 2018 05:20,257.2170105,4.76416111,280.1054557,9.024561882
05 01 2018 05:30,137.417099,4.101181984,142.0168107,7.712677002
05 01 2018 05:40,102.3587036,3.941123009,116.9729377,7.581837177
05 01 2018 05:50,92.7376709,3.87789607,105.7487951,11.42055988
05 01 2018 06:00,78.11549377,3.836927891,98.81755605,29.3313694
05 01 2018 06:10,110.3116989,4.130588055,147.6328107,25.04413033
05 01 2018 06:20,102.552803,4.081981182,138.371917,24.68565941
05 01 2018 06:30,77.85061646,3.839956999,99.32084475,24.07126999
05 01 2018 06:40,81.45278168,3.975877047,123.4149463,23.42119026
05 01 2018 06:50,66.64151001,3.820688963,96.14447672,39.26622009
05 01 2018 07:00,90.01490784,3.98053503,124.2930366,52.09212112
05 01 2018 07:10,112.0342026,4.142834187,149.9838297,52.06705093
05 01 2018 07:20,82.11415863,3.929188967,114.8054178,52.53002167
05 01 2018 07:30,13.93430996,3.227394104,27.41325761,62.52310944
05 01 2018 07:40,0,2.693974972,0,63.97663116
05 01 2018 07:50,0,3.76078701,86.64893432,72.28019714
05 01 2018 08:00,55.44535065,3.734816074,82.71048743,69.53996277
05 01 2018 08:10,22.78053093,3.310203075,33.62457425,74.86411285
05 01 2018 08:20,4.355070114,2.853812933,0,85.75393677
05 01 2018 08:30,0,2.664561987,0,84.46118164
05 01 2018 08:40,0,3.140161991,22.05681442,92.12463379
05 01 2018 08:50,0,2.632610083,0,101.8510971
05 01 2018 09:00,0,1.738193035,0,99.7596817
05 01 2018 09:10,0,1.935835004,0,75.03088379
05 01 2018 09:20,0,1.757176995,0,73.65454865
05 01 2018 09:30,0,1.542072058,0,65.50054169
05 01 2018 09:40,0,1.623093009,0,53.91765976
05 01 2018 09:50,0,2.062084913,0,44.93912125
05 01 2018 10:00,0,2.059083939,0,40.33227158
05 01 2018 10:10,0,2.153846025,0,36.03804016
05 01 2018 10:20,0,2.047363997,0,56.5520401
05 01 2018 10:30,0,1.635233045,0,65.39498138
05 01 2018 10:40,0,0.838681579,0,64.3360672
05 01 2018 10:50,0,1.287089944,0,30.20119095
05 01 2018 11:00,0,1.370728016,0,24.33827972
05 01 2018 11:10,0,2.464360952,0,307.5815125
05 01 2018 11:20,0,3.067440033,18.5219337,308.2029114
05 01 2018 11:30,0,2.977355957,0,307.5805969
05 01 2018 11:40,0,2.896075964,0,313.1120911
05 01 2018 11:50,0,2.201855898,0,338.1872864
05 01 2018 12:00,0,3.418040991,43.35797331,308.2749023
05 01 2018 12:10,0,3.209656954,26.22550558,296.4602051
05 01 2018 12:20,0,3.092607975,19.64955416,302.644989
05 01 2018 12:30,0,2.95758605,0,306.2347107
05 01 2018 12:40,0,3.802710056,93.23419656,302.2344971
05 01 2018 12:50,0,2.681519032,0,300.1575012
05 01 2018 13:00,0,2.174657106,0,308.3120117
05 01 2018 13:10,0,2.12748909,0,285.7166138
05 01 2018 13:20,0,1.911278009,0,263.1394043
05 01 2018 13:30,0,1.717532039,0,250.1069031
05 01 2018 13:40,0,1.953783989,0,235.3231049
05 01 2018 13:50,0,2.104336023,0,231.5205994
05 01 2018 14:00,0,2.173634052,0,261.1196899
05 01 2018 14:10,0,1.786031008,0,250.3791046
05 01 2018 14:20,0,1.511755943,0,283.2633972
05 01 2018 14:30,0,1.59967804,0,323.84729
05 01 2018 14:40,0,1.383831024,0,311.7663879
05 01 2018 14:50,0,1.28223002,0,289.660614
05 01 2018 15:00,0,1.768030047,0,253.3930969
05 01 2018 15:10,0,1.630704045,0,238.4373932
05 01 2018 15:20,0,1.433897018,0,234.3511963
05 01 2018 15:30,0,1.669222951,0,247.1123962
05 01 2018 15:40,0,1.545390964,0,236.2960968
05 01 2018 15:50,0,1.981886983,0,235.3430939
05 01 2018 16:00,0,2.633574963,0,236.8869019
05 01 2018 16:10,0,2.414356947,0,229.2657928
05 01 2018 16:20,0,2.152529955,0,242.2501984
05 01 2018 16:30,0,2.120126009,0,234.2127991
05 01 2018 16:40,0,2.23940897,0,236.4194946
05 01 2018 16:50,0,2.801307917,0,243.9626007
05 01 2018 17:00,0,3.201854944,25.7189917,241.4969025
05 01 2018 17:10,0,2.875705957,0,236.6499023
05 01 2018 17:20,0,2.854813099,0,231.9618073
05 01 2018 17:30,0,2.863102913,0,214.8110046
05 01 2018 17:40,0,2.499380112,0,203.1401978
05 01 2018 17:50,0,2.928209066,0,208.8934021
05 01 2018 18:00,0,2.825680017,0,222.7451019
05 01 2018 18:10,0,2.271142006,0,225.7310944
05 01 2018 18:20,0,2.446209908,0,231.9817047
05 01 2018 18:30,0,2.877877951,0,224.1681976
05 01 2018 18:40,0,2.957370043,0,208.3934021
05 01 2018 18:50,0,3.568568945,60.05585785,208.1672058
05 01 2018 19:00,0,2.449913979,0,224.892395
05 01 2018 19:10,0,1.791203976,0,243.6520996
05 01 2018 19:20,0,1.930189967,0,252.5655975
05 01 2018 19:30,0,1.660967946,0,233.1425934
05 01 2018 19:40,0,2.148116112,0,257.0335999
05 01 2018 19:50,0,2.624979019,0,258.8557129
05 01 2018 20:00,0,2.289019108,0,253.5534973
05 01 2018 20:10,0,2.671096087,0,253.2687988
05 01 2018 20:20,0,2.723583937,0,245.9183044
05 01 2018 20:30,0,2.813057899,0,244.0549927
05 01 2018 20:40,0,2.679502964,0,251.0276031
05 01 2018 20:50,0,2.554055929,0,241.9400024
05 01 2018 21:00,0,2.330497026,0,238.5106049
05 01 2018 21:10,0,1.548683047,0,209.9880066
05 01 2018 21:20,0,1.566717982,0,188.5220947
05 01 2018 21:30,0,2.107630014,0,197.4953003
05 01 2018 21:40,0,1.79004705,0,185.6945038
05 01 2018 21:50,0,1.783530951,0,205.5852966
05 01 2018 22:00,0,1.452373028,0,231.9136047
05 01 2018 22:10,0,2.141073942,0,221.9756012
05 01 2018 22:20,0,2.596193075,0,227.854599
05 01 2018 22:30,0,2.092180014,0,212.6759033
05 01 2018 22:40,0,1.928406954,0,186.9420013
05 01 2018 22:50,0,1.896306992,0,207.5079041
05 01 2018 23:00,0,1.386492014,0,227.8764954
05 01 2018 23:10,0,1.383507013,0,243.2460938
05 01 2018 23:20,0,1.208117008,0,226.5276031
05 01 2018 23:30,0,1.212676048,0,232.8432007
05 01 2018 23:40,0,1.216743946,0,275.9594116
05 01 2018 23:50,0,0.858171403,0,258.8037109
